entity,label,p_cec,conflict,p_maker,p_generic_use,p_alt_meaning,n_titles,n_categories,slots,example_title
possmei,branded,1.0,False,1.0,0.0,0.0,2,2,prefix,Possmei Taro Powder Premix 1kg pkt
entisi,branded,1.0,False,1.0,0.0,0.0,3,3,inline,#_# Plain Milk Chocolate Bar 41% [65 g] - Entisi Chocolatier
knorr,branded,1.0,False,1.0,0.0,0.0,2,2,inline|prefix,Chicken Broth Powder Knorr
mdh,branded,1.0,False,1.0,0.0,0.0,9,6,allcaps|inline|prefix,MDH Chana Masala
sassyteaspoon,branded,1.0,False,1.0,0.0,0.0,5,5,suffix,#_# Greeting Card - Sassy Teaspoon
cambro,branded,1.0,False,1.0,0.0,0.0,2,1,prefix,Cambro Polycarbonate GN Pan 1/2 200mm
kimirica,branded,1.0,False,1.0,0.0,0.0,1,1,prefix,Kimirica White Gold Tooth Brush pack
entisichocolatier,branded,1.0,False,1.0,0.0,0.0,3,2,suffix,#_# Plain Milk Chocolate Bar 41% [65 g] - Entisi Chocolatier
monin,branded,1.0,False,1.0,0.0,0.0,6,3,prefix,Monin Peach flavour
taski,branded,1.0,False,1.0,0.0,0.0,5,1,prefix,Taski Suma Ultra (L2) 5L Can
meemees,branded,1.0,False,1.0,0.0,0.0,3,2,suffix,#_# Rocky Road Ice-cream Tub (100ml) - Meemees
godrej,branded,1.0,False,1.0,0.0,0.0,1,1,inline,Air Freshener Godrej
mapro,branded,1.0,False,1.0,0.0,0.0,2,2,prefix,MAPRO BLACK CURRANT 1 LTR
weikfield,branded,1.0,False,1.0,0.0,0.0,1,0,inline,Corn Flour Weikfield
cothas,branded,1.0,False,1.0,0.0,0.0,1,1,prefix,#_# Cothas Blend Coffee 200 Gm - Murukku
hoegaarden,branded,1.0,False,1.0,0.0,0.0,2,1,prefix,Hoegaarden Belgian Blanche
hitachi,branded,1.0,False,1.0,0.0,0.0,1,1,inline,TL Hitachi UX Makeup 800ml
budweiser,branded,1.0,False,1.0,0.0,0.0,2,0,prefix,Budweiser Premium
tastecraft,branded,1.0,False,1.0,0.0,0.0,1,1,prefix,Tastecraft Pistachio Flavoured Syrup 750ml
nescafe,branded,1.0,False,1.0,0.0,0.0,1,0,inline,Coffee powder Nescafe 500 gm
blinkitinstamart,branded,1.0,False,1.0,0.0,0.0,1,1,suffix,Mother's Day Double Chocolate Brownie box - Blinkit / Instamart
griffith,branded,1.0,False,1.0,0.0,0.0,1,1,prefix,Griffith Hot Chilli Marinade
parsidairyfarm,branded,1.0,False,1.0,0.0,0.0,5,3,suffix,#_# Mango Kulfi 300gm - Parsi Dairy Farm
prasuma,branded,1.0,False,1.0,0.0,0.0,9,6,suffix,#_# Container lid - PMK Round Paper 500 ML Plastic - Prasuma
blinkit,branded,1.0,False,1.0,0.0,0.0,1,1,inline,Mother's Day Double Chocolate Brownie box - Blinkit / Instamart
fanta,branded,1.0,False,1.0,0.0,0.0,1,0,prefix,Fanta Can 300ml-GST@ 28%
vanhouten,branded,1.0,False,1.0,0.0,0.0,1,1,inline,Cocoa powder (Medium Brown) Vanhouten
instamart,branded,1.0,False,1.0,0.0,0.0,1,1,inline,Mother's Day Double Chocolate Brownie box - Blinkit / Instamart
bardinet,branded,1.0,False,1.0,0.0,0.0,1,1,prefix,BARDINET BRANDY 1000 ML
chatramue,branded,1.0,False,1.0,0.0,0.0,1,1,inline,Thai Tea Mix 400g packet Chatramue
agnessi,branded,1.0,False,1.0,0.0,0.0,1,1,prefix,Agnessi Penne Pasta
naturesmith,branded,1.0,False,1.0,0.0,0.0,1,0,prefix,NATURESMITH PAPRIKA POWDER 60GM
amul,branded,1.0,False,1.0,0.0,0.0,4,3,inline|prefix,Amul Cheese Spread 200 Gm
cremica,branded,1.0,False,1.0,0.0,0.0,1,1,prefix,Cremica Chef Choice Mayo
harpic,branded,1.0,False,1.0,0.0,0.0,4,0,prefix,HARPIC
perrier,branded,1.0,False,1.0,0.0,0.0,1,0,prefix,Perrier Water 330mL
cookiecartel,branded,1.0,False,1.0,0.0,0.0,5,4,suffix,#_# Caramelo Banditos Sticker - Cookie Cartel
thewholetruth,branded,1.0,False,1.0,0.0,0.0,3,3,suffix,#_# Soaked Chia - The Whole Truth
gozero,branded,1.0,False,1.0,0.0,0.0,4,1,suffix,#_# French Vanilla (100 ml) - Go Zero
tropicana,branded,1.0,False,1.0,0.0,0.0,2,1,prefix,Tropicana Orange Juice 1 Ltr
fevicol,branded,1.0,False,1.0,0.0,0.0,1,0,prefix,Fevicol 1 Kg
coolberg,branded,1.0,False,1.0,0.0,0.0,1,1,inline,Beer Non Alcoholic 330 ml - Coolberg (Ginger Flavour)
wyke,branded,1.0,False,1.0,0.0,0.0,1,1,inline,Cheddar White Wyke 2.5 Kg
sumabrite,branded,1.0,False,1.0,0.0,0.0,1,1,prefix,Sumabrite Degreaser nd Heavy duty cleaner (break up HD)
dabur,branded,1.0,False,1.0,0.0,0.0,1,1,prefix,Dabur Honey
tata,branded,1.0,False,1.0,0.0,0.0,2,1,prefix,Tata Agni Dust Tea 1 kg
itc,branded,1.0,False,1.0,0.0,0.0,2,2,allcaps,Chicken wings Coated ( ITC )
noto,branded,1.0,False,1.0,0.0,0.0,4,4,suffix,#_# FC - Orange Popsicle Ice Cream [70 Ml] - Noto
hungritos,branded,1.0,False,1.0,0.0,0.0,1,1,prefix,Hungritos Permium without Skin On Fries 9Mm
maggi,branded,1.0,False,1.0,0.0,0.0,2,2,prefix,Maggi Seasoning Sauce 680Ml
sandburgs,branded,1.0,False,1.0,0.0,0.0,1,1,prefix,Sandburgs Truffle Barbeque sauce (500 gram)
grover,branded,1.0,False,1.0,0.0,0.0,1,1,prefix,Grover Selecte Chenin Blanc 750 Ml
getaway,branded,1.0,False,1.0,0.0,0.0,3,3,suffix,#_# Tender Coconut Litchi Ice Pop - Getaway
caterspoint,branded,1.0,False,1.0,0.0,0.0,1,1,inline,SLEEVES 750 ML BAGASSE CATERSPOINT
nestle,branded,1.0,False,1.0,0.0,0.0,3,1,inline|prefix,Nestle Milk Powder 1KG
hamdard,branded,1.0,False,1.0,0.0,0.0,1,1,prefix,HAMDARD ROOHAFZA 750ML
micks,branded,1.0,False,1.0,0.0,0.0,1,1,prefix,Micks Lotus Biscoff Biscuit
sancc,branded,1.0,False,1.0,0.0,0.0,1,1,suffix,White sesame Seeds 100G - Sancc
dollur,branded,1.0,False,1.0,0.0,0.0,1,1,prefix,Dollur Amla Jar
bico,branded,1.0,False,1.0,0.0,0.0,1,1,inline|suffix,#_# BC - Aam Ice Cream [300ML] - BICO
thetinytub,branded,1.0,False,1.0,0.0,0.0,2,1,suffix,#_# Slide Tru Hamper Box OF 4 Outer - The Tiny Tub
dadus,branded,1.0,False,1.0,0.0,0.0,1,1,suffix,#_# Motichur Laddu 500gms - Dadus
lafolie,branded,1.0,False,1.0,0.0,0.0,3,3,suffix,#_# The Berry Good Bar 72% [Chocolate Bar] - La Folie
twinings,branded,1.0,False,1.0,0.0,0.0,2,1,prefix,Twinings strawberry green tea
ether,branded,1.0,False,1.0,0.0,0.0,4,4,suffix,#_# SIERRA 72% Dark Chocolate Bar - Ether
urbani,branded,1.0,False,1.0,0.0,0.0,1,0,inline,Truffle Oil Urbani 250 ml
diversey,branded,1.0,False,1.0,0.0,0.0,1,1,prefix,Diversey Spray Bottles
snacc,branded,1.0,False,1.0,0.0,0.0,11,9,allcaps|inline|suffix,Dhania Pudina Chutney-SNACC
mtr,branded,1.0,False,1.0,0.0,0.0,1,1,allcaps,MTR Sambar
malas,branded,1.0,False,1.0,0.0,0.0,2,1,prefix,Malas strawberry crush 750ml
sarwar,branded,1.0,False,1.0,0.0,0.0,1,1,prefix,Sarwar Onion Powder 450gm
aavin,branded,1.0,False,1.0,0.0,0.0,1,0,prefix,Aavin Milk
rajdhani,branded,1.0,False,1.0,0.0,0.0,3,3,inline|prefix,Red Malka (Lal Masoor) Rajdhani
milkhana,branded,1.0,False,1.0,0.0,0.0,1,1,prefix,Milkhana Melted Cheese
timmys,branded,1.0,False,1.0,0.0,0.0,1,1,prefix,Timmys Food Bag
lefour,branded,0.9999,False,1.0,0.0,0.0001,2,2,suffix,#_# Tag - Gluten-free Paleo Cookies - Le Four
eastmade,branded,0.9999,False,0.9999,0.0,0.0,2,2,prefix,EASTMADE - CUMIN (JEERA) 1 KG
vkl,branded,0.9999,False,0.9999,0.0,0.0,2,1,allcaps|prefix,VKL PERI PERI MARINADE
cartel,branded,0.9999,False,0.9999,0.0,0.0,5,4,inline,#_# Caramelo Banditos Sticker - Cookie Cartel
foodoo,branded,0.9999,False,0.9999,0.0,0.0,1,1,inline,PASSION FRUIT SYRUP(1 LTR) Foodoo
sprite,branded,0.9999,False,0.9999,0.0,0.0,2,0,prefix,SPRITE 250ML
termocool,branded,0.9999,False,0.9999,0.0,0.0,1,1,prefix,Termocool morded box
parsi,branded,0.9999,False,0.9999,0.0,0.0,5,3,inline,#_# Mango Kulfi 300gm - Parsi Dairy Farm
truth,branded,0.9999,False,0.9999,0.0,0.0,3,3,inline,#_# Soaked Chia - The Whole Truth
morde,branded,0.9999,False,0.9999,0.0,0.0,1,1,inline,GK-Morde - Hazelnut Chocopaste 1 Kg 140027
delmonte,branded,0.9999,False,0.9999,0.0,0.0,1,1,prefix,Delmonte - Eggless Mayo
gfb,branded,0.9999,False,0.9999,0.0,0.0,1,1,allcaps,GFB Mushroom Patty
newtrition,branded,0.9999,False,0.9999,0.0,0.0,1,1,prefix,"Newtrition - Lemon Ginger, 500 ML"
bikkgane,branded,0.9999,False,0.9999,0.0,0.0,1,1,inline,Napkin Bikkgane
president,branded,0.9999,False,0.9999,0.0,0.0001,1,1,prefix,President Butter Unsalted 500gm
aava,branded,0.9999,False,1.0,0.0,0.0001,1,1,inline,Natural Mineral Water Aava 500 ml
nandini,branded,0.9998,False,0.9999,0.0,0.0002,1,1,inline,Goodlife Milk 1ltr pkt Nandini
frozenfun,branded,0.9998,False,1.0,0.0,0.0002,1,1,suffix,#_# Chocolate Fudge Overload (NAS) 500 ml - Frozen Fun
kinley,branded,0.9998,False,0.9998,0.0,0.0,3,1,inline|prefix,Soda Water Kinley 750 ml
oaksmith,branded,0.9998,False,0.9998,0.0,0.0,1,0,prefix,Oaksmith
thums,branded,0.9998,False,0.9998,0.0,0.0,1,0,prefix,Thums Up 250 ml
colin,branded,0.9998,False,0.9998,0.0,0.0,2,2,prefix,Colin Spray 500ml
pril,branded,0.9998,False,0.9998,0.0,0.0,1,0,prefix,Pril Liquid
cbtl,branded,0.9998,False,0.9998,0.0,0.0,2,2,allcaps,Hazelnut Brownie Outer Sticker (CBTL)
outsource,branded,0.9998,False,1.0,0.0002,0.0,1,1,suffix,Rasila Rajma - Outsource
madhusudan,branded,0.9998,False,1.0,0.0,0.0002,1,1,prefix,Madhusudan Butter
prepit,branded,0.9997,False,0.9997,0.0,0.0,1,1,prefix,Prepit Hyderabad Biriyan 1 kg
bru,branded,0.9997,False,0.9997,0.0,0.0001,1,0,prefix,Bru Coffee 500g
flyp,branded,0.9997,False,0.9997,0.0,0.0,2,1,allcaps,Paper Cup 350ml (10'' Oz) FLYP
chandras,branded,0.9996,False,0.9999,0.0,0.0004,1,1,inline,Long Note Book 200 Pgs Chandras SB
corona,branded,0.9996,False,1.0,0.0,0.0004,1,1,prefix,Corona Lager Beer 330 ml
fryola,branded,0.9996,False,0.9996,0.0,0.0,1,0,prefix,Fryola Oil
lobo,branded,0.9996,False,1.0,0.0,0.0004,1,1,prefix,Lobo - 5 Spice Powder 65 gm 51547
lotus,branded,0.9996,False,0.9999,0.0,0.0004,4,2,inline|prefix,Lotus Flour
shan,branded,0.9995,False,0.9999,0.0,0.0005,1,0,inline,Nihari Masala  (Shan)
biscoff,branded,0.9995,False,0.9995,0.0001,0.0,4,4,inline|prefix,Biscoff Biscuit Lotus
teaspoon,branded,0.9994,False,0.9994,0.0,0.0,5,5,inline,#_# Greeting Card - Sassy Teaspoon
parry,branded,0.9994,False,0.9994,0.0,0.0,1,0,prefix,Parry Sugar White
nutrela,branded,0.9994,False,0.9994,0.0,0.0,1,0,prefix,Nutrela (1pkt)
mbk,branded,0.9993,False,0.9993,0.0,0.0,1,1,allcaps,Thai Jasmine Rice 2kg pkt MBK
griseldas,branded,0.9993,False,0.9993,0.0,0.0,1,1,prefix,#_# Griselda's Red Velvet Sticker (Eggless) - Cookie Cartel
sandhouse,branded,0.9993,False,0.9993,0.0,0.0,1,1,inline,11.5x11.5 (Round) Sandhouse Butter paper (40GSM)
habit,branded,0.9992,False,0.9992,0.0,0.0,1,1,prefix,Habit Olives Green Pitted 3Kg
fortune,branded,0.9992,False,0.9999,0.0,0.0008,1,1,prefix,Fortune Aata
chef,branded,0.9991,False,0.9991,0.0,0.0004,5,3,inline|prefix,Chef Coat S36  Black Half Sleeve
rsons,branded,0.9991,False,0.9991,0.0,0.0,1,1,inline,Chilled Chicken Thigh Boneless 1 kg (Rsons)
saladspoint,branded,0.999,False,0.999,0.0,0.0,1,1,inline,TOP COVER OF BOX 750 ML SALADSPOINT
infinite,branded,0.999,False,1.0,0.0,0.001,2,2,inline|prefix,Infinite - Eggless Choco Lava Cake Premix 1 Kg Ambient 148873
coke,branded,0.999,False,0.9995,0.0009,0.001,3,1,prefix,Coke 750 Ml
junos,branded,0.9987,False,0.9987,0.0,0.0,1,1,inline,Pizza Base 8 inch Whole Wheat Pan Crust (Junos)
kissan,branded,0.9986,False,1.0,0.0,0.0014,1,1,prefix,Kissan Tomato Sause Dip
kcco,branded,0.9985,False,0.9985,0.0,0.0,1,0,prefix,Kcco Tray Big
ketel,branded,0.9984,False,1.0,0.0,0.0016,1,1,prefix,Ketel One Vodka 750 ml
coolberggingerflavour,branded,0.9984,False,0.9984,0.0001,0.0,1,1,suffix,Beer Non Alcoholic 330 ml - Coolberg (Ginger Flavour)
namjai,branded,0.9984,False,0.9984,0.0,0.0,1,0,inline,GREEN CURRY PASTE NAMJAI 1 KG
samseer,branded,0.9983,False,0.9983,0.0,0.0,1,1,prefix,SAMSEER MARK
aashirvaad,branded,0.9983,False,1.0,0.0,0.0017,1,0,prefix,AASHIRVAAD - ATTA 10 KG BAG
pitambari,branded,0.998,False,1.0,0.0,0.002,2,0,prefix,Pitambari 150 gm
chuk,branded,0.9976,False,0.9994,0.0024,0.0016,2,1,inline|prefix,7 inch Plate Chuk
sargvo,branded,0.9974,False,0.9999,0.0026,0.0017,1,1,prefix,Sargvo-Drumsticks
folie,branded,0.9974,False,0.9974,0.0,0.0001,2,2,inline,#_# The Berry Good Bar 72% [Chocolate Bar] - La Folie
gtc,branded,0.9971,False,0.9971,0.0,0.0,1,0,allcaps,GTC Pizza Box 9x9
zero,branded,0.997,False,0.997,0.0,0.0005,4,1,inline,#_# French Vanilla (100 ml) - Go Zero
goodlife,branded,0.9969,False,0.9969,0.0,0.0,1,1,prefix,Goodlife Milk 1ltr pkt Nandini
cellofin,branded,0.9969,False,0.9991,0.0031,0.0001,1,0,prefix,CELLOFIN PAPER
art,branded,0.9968,False,0.9984,0.0,0.0032,3,2,inline,Chef's Art - Crispy Cajun Breading Mix 1 Kg H51176
sdu,branded,0.9966,False,0.9966,0.0,0.0,1,1,allcaps,SDU Deva Chardonnay White wine 750ml
acton,branded,0.9965,False,0.9965,0.0002,0.0,1,1,allcaps,A-005 Grill and Oven Cleaner ACTON
evd,branded,0.9963,False,0.9963,0.0,0.0,1,1,prefix,EVD DAIRY WHITENER 1 KG
chonkers,branded,0.9961,False,1.0,0.0,0.0039,2,2,inline|suffix,#_# Frozen OG Chocolate Chip Chonker - Chonkers
anando,branded,0.9961,False,1.0,0.0,0.0039,1,1,suffix,#_# Tango Mango - Anando
mrd,branded,0.9958,False,0.9958,0.0,0.0,1,0,allcaps,MRD Stickers
scotch,branded,0.9957,False,0.9957,0.0,0.0008,5,2,inline|prefix,Butter Scotch DF Bite
aachi,branded,0.9955,False,1.0,0.0,0.0045,1,1,prefix,AACHI KULAMBU MILAKAI STAFF
four,branded,0.9954,False,0.9954,0.0,0.0012,2,2,inline,#_# Tag - Gluten-free Paleo Cookies - Le Four
flanders,branded,0.9949,False,1.0,0.0,0.0051,1,1,suffix,Mozzarella Cheese - Flanders
thinkoriginshazelnutcoldfiltercoffeefssai,branded,0.9948,False,0.9948,0.0,0.0,1,1,suffix,STICKERS WVF COLD VARAVRAGE - THINK ORIGINS HAZELNUT COLD FILTER COFFEE FSSAI
stafftoordal1kgnonip131965,branded,0.9946,False,0.9949,0.0054,0.0,1,1,suffix,Economy - Staff Toor Dal 1 Kg (Non IP) 131965
goose,branded,0.9941,False,0.9941,0.0,0.0002,1,1,inline,Sriracha Hot Chilli Sauce Flying Goose 730 gm
sakthi,branded,0.9939,False,1.0,0.0,0.0061,1,1,prefix,"Sakthi - Kulambu Chilli powder, 500gm"
ucc,branded,0.9931,False,0.9931,0.0,0.0,1,1,allcaps,UCC 2door 3drawer + raised BM + 1/6gnx6
reeses,branded,0.9924,False,0.9924,0.0,0.0004,1,1,inline,#_# The Godfather (Reeses peanut butter cup) Cookie Dough - Cookie Cartel
camino,branded,0.9923,False,0.9971,0.0,0.0077,1,1,prefix,Camino Real Gold 750Ml
ashok,branded,0.9922,False,0.9999,0.0,0.0078,1,1,prefix,Ashok Besan
jacobs,branded,0.9901,False,0.9901,0.0,0.0001,1,1,prefix,Jacobs Creek Red 750Ml
thundercrush,branded,0.9897,False,0.9897,0.0001,0.0,1,0,inline,SP Thundercrush French Fries 9mm
caramelo,branded,0.9895,False,0.9982,0.0105,0.0093,4,3,inline|prefix,#_# Caramelo Banditos Sticker - Cookie Cartel
windmill,branded,0.9893,False,0.9893,0.0,0.0001,1,1,prefix,Windmill Potato starch
pmk,branded,0.989,False,0.989,0.0004,0.0,2,2,allcaps,#_# Container lid - PMK Round Paper 500 ML Plastic - Prasuma
roohafza,branded,0.9879,False,0.9879,0.0,0.0,1,1,inline,HAMDARD ROOHAFZA 750ML
cantener,branded,0.9876,False,0.9876,0.0004,0.0,1,1,prefix,Cantener Half
nam,branded,0.9872,False,0.9986,0.0003,0.0128,1,1,prefix,Nam Shop Sticker   Prawn Crackers Large
tag,branded,0.9868,False,0.9868,0.0008,0.0024,1,1,prefix,#_# Tag - Gluten-free Paleo Cookies - Le Four
flow,branded,0.9864,False,0.9864,0.0006,0.0068,1,1,prefix,Flow Wrap Rolls - Raspberry Duet (60 ml)
finagel,branded,0.9841,False,0.9841,0.0,0.0,1,0,prefix,Finagel
coca,branded,0.9838,False,0.9838,0.0,0.0,2,1,prefix,Coca cola 750ml
challenge,branded,0.9831,False,0.9831,0.0,0.0001,1,1,inline,Royal Challenge
bina,branded,0.9797,False,1.0,0.0,0.0203,4,3,suffix,#_# Sugar Free Chocolate Hazelnut Ice Cream Tub (125 ml) - Bina
row,branded,0.9777,False,0.9777,0.0002,0.0004,1,1,allcaps|prefix,ROW - Barcode Lable 50mmX25mm Non Tearable
onesta,branded,0.9777,False,0.9777,0.0,0.0,1,1,inline,Grated mozzarella New Onesta
wyn,branded,0.9763,False,0.9763,0.0,0.0002,1,1,inline,Gulab Jamun (Wyn)
thondaika,branded,0.9763,False,0.9763,0.0002,0.0001,1,0,prefix,Thondaika
pipers,branded,0.9759,False,0.9759,0.0,0.0042,1,0,inline,100 Pipers. 750Ml
angel,branded,0.9716,False,0.9716,0.0001,0.0051,1,1,inline,Teqila Blanco Don Angel 750 Ml
vat,branded,0.9707,False,0.9707,0.0001,0.0012,1,0,prefix,Vat 69
sweetish,branded,0.9664,False,1.0,0.0,0.0336,3,2,suffix,#_# Big Blue Box - Sweetish
flying,branded,0.961,False,0.961,0.0,0.0002,1,1,inline,Sriracha Hot Chilli Sauce Flying Goose 730 gm
piripirisprinkler250gm51189,branded,0.9566,False,0.9978,0.0434,0.0001,1,1,suffix,Chefs Art - Piri Piri Sprinkler 250 gm 51189
chulla,branded,0.9504,False,0.9906,0.0001,0.0496,1,0,prefix,CHULLA
ciclo,branded,0.9497,False,0.9497,0.0,0.0004,1,1,prefix,Ciclo Printed Cake Box 2Pc
hollo,branded,0.9417,False,0.9417,0.0004,0.0,1,0,prefix,HOLLO MAT3125*5
afza,branded,0.9408,False,0.9408,0.0034,0.0454,1,1,inline,ROOH AFZA
amore,branded,0.9381,False,1.0,0.0,0.0619,1,1,suffix,#_# Wooden Spoon - Amore
carnattion,branded,0.9363,False,0.9363,0.0001,0.0,1,1,prefix,CARNATTION MILK  405 GM ( EVAPORATED MILK )
angostura,branded,0.9344,False,1.0,0.0001,0.0656,1,1,allcaps,ANGOSTURA Aromatic bitters (200ML)
vikram,branded,0.923,False,1.0,0.0,0.077,1,1,prefix,VIKRAM - CHAKKI ATTA 30 KG
raspberryduet60ml,branded,0.923,False,0.9921,0.077,0.0033,1,1,suffix,Flow Wrap Rolls - Raspberry Duet (60 ml)
one,branded,0.9219,False,0.9219,0.0,0.0001,1,1,inline,Ketel One Vodka 750 ml
suma,branded,0.9149,False,0.9149,0.0,0.0001,2,2,inline|prefix,Taski Suma Ultra (L2) 5L Can
supli,branded,0.9149,False,0.9149,0.0792,0.0115,1,1,inline,Dust Pan  Supli
miami,branded,0.9149,False,0.9149,0.0001,0.002,1,1,inline,GK-Miami Waffle Pizza Pkg Box 1PKT 100PC GK Dry 137504
bandan,branded,0.9149,False,0.9149,0.0013,0.0685,1,0,prefix,Bandan Cap
dairy,branded,0.9124,False,0.9955,0.0006,0.0876,7,5,inline,EVD DAIRY WHITENER 1 KG
oyester,branded,0.9019,False,0.9019,0.0108,0.0055,2,1,prefix,Oyester Sauce- non veg
bbk,branded,0.8808,False,0.8808,0.0007,0.0,1,1,allcaps,Cotton BBK Apron
ajino,branded,0.8688,False,0.8688,0.0056,0.0049,1,1,prefix,AJINO MOTO
sassy,branded,0.867,False,0.867,0.0,0.0,5,5,inline,#_# Greeting Card - Sassy Teaspoon
sierra,branded,0.8652,False,0.8652,0.0001,0.0033,1,1,allcaps,#_# SIERRA 72% Dark Chocolate Bar - Ether
origins,branded,0.8634,False,0.8634,0.0005,0.0341,1,1,inline,STICKERS WVF COLD VARAVRAGE - THINK ORIGINS HAZELNUT COLD FILTER COFFEE FSSAI
deva,branded,0.8597,False,0.9698,0.0002,0.1403,1,1,inline,SDU Deva Chardonnay White wine 750ml
vijay,branded,0.8597,False,0.9985,0.0,0.1403,1,1,inline,Rice flour Vijay 1KG-SNACC
voila,branded,0.8559,False,0.8559,0.0001,0.0058,1,1,inline,Silken Tofu 300g Voila
rail,branded,0.852,False,0.852,0.0001,0.0,1,0,inline,QT Rail
aakhu,branded,0.848,False,0.848,0.1441,0.0126,1,1,inline,Kashmiri Mirch Aakhu - Red Chilly Whole Kashmiri
creek,branded,0.8418,False,0.8418,0.0,0.0,1,1,inline,Jacobs Creek Red 750Ml
royal,branded,0.8311,False,0.9972,0.1689,0.1112,2,2,inline|prefix,Luster Dust Royal Gold
story,branded,0.8267,False,0.8267,0.0031,0.0068,1,1,inline,Cutlery Set The Cake Story
pokchay,branded,0.8267,False,0.8267,0.0,0.0001,1,0,prefix,Pokchay
active,branded,0.8222,False,0.8222,0.0001,0.0619,1,1,prefix,Active X Mustard Oil 500mL
zukni,branded,0.8032,False,0.8032,0.0,0.0,1,0,prefix,Zukni Green
mother,branded,0.8032,False,0.9978,0.0,0.1968,2,2,prefix,Mother Dairy milk
roleys,branded,0.7982,False,0.7982,0.1403,0.0,1,1,inline,#_# Assorted Roleys (Box of 6) - Meemees
wonder,branded,0.7957,False,0.9995,0.0003,0.2043,2,2,prefix,Wonder Wipes
chapad,branded,0.7931,False,0.7931,0.2018,0.0216,1,1,prefix,CHAPAD HEAVY
tues,branded,0.7773,False,0.7773,0.0008,0.0583,1,1,inline,COLOUR CODE DOTT TUES
chocolatier,branded,0.7549,False,0.7549,0.0,0.0002,3,3,inline,#_# Plain Milk Chocolate Bar 41% [65 g] - Entisi Chocolatier
crown,branded,0.7549,False,0.7549,0.001,0.009,1,1,inline,Ajinomoto (Golden Crown)
daily,branded,0.752,False,0.9489,0.0006,0.248,2,2,prefix,DAILY FRESH MILLETS IDLI AND DOSA BATTER POUCH 1/2KG
mark,branded,0.7491,False,0.7491,0.001,0.0088,1,1,inline,SAMSEER MARK
tru,branded,0.7432,False,0.7432,0.0011,0.0,1,1,inline,#_# Slide Tru Hamper Box OF 4 Outer - The Tiny Tub
trust,branded,0.7432,False,0.7432,0.0002,0.0002,1,1,inline,Breakfast Sugar Trust 1 Kg
varavrage,branded,0.7186,False,0.7186,0.0019,0.0,1,1,inline,STICKERS WVF COLD VARAVRAGE - THINK ORIGINS HAZELNUT COLD FILTER COFFEE FSSAI
star,branded,0.7122,False,0.979,0.0447,0.2878,1,1,prefix,Star Papad
ananda,branded,0.7122,False,0.9999,0.0,0.2878,1,0,prefix,ANANDA PANEER 1 KG
noodal,branded,0.7122,False,0.7122,0.0128,0.0637,1,0,inline,SS  NOODAL CHANNI
ceaser,branded,0.7058,False,0.7058,0.272,0.009,1,1,inline,#_# Black Ceaser Dough - Cookie Cartel
how,branded,0.6859,False,0.6859,0.0002,0.0002,1,1,inline,Rice Flat Noodle 10mm   500g pkt   How How
agni,branded,0.6792,False,0.6792,0.0001,0.02,1,1,inline,Tata Agni Dust Tea 1 kg
pine,branded,0.6689,False,0.9615,0.0006,0.3311,1,1,inline,Blue Pine Artesian Water - 750 ML - GST @18 %
stroopie,branded,0.6584,False,1.0,0.0014,0.3416,1,0,suffix,#_# Big Bag - Stroopie
don,branded,0.6442,False,0.6442,0.0002,0.0119,1,1,inline,Teqila Blanco Don Angel 750 Ml
whitepepperpowder100gm30291,branded,0.6406,False,0.9989,0.3594,0.0003,1,1,suffix,MDH - White Pepper Powder 100 gm 30291
wvf,branded,0.6298,False,0.6298,0.0001,0.0,1,1,inline,STICKERS WVF COLD VARAVRAGE - THINK ORIGINS HAZELNUT COLD FILTER COFFEE FSSAI
shop,branded,0.6225,False,0.6225,0.0007,0.0005,1,1,inline,Nam Shop Sticker   Prawn Crackers Large
lemonginger500ml,branded,0.6114,False,0.9627,0.3886,0.0298,1,1,suffix,"Newtrition - Lemon Ginger, 500 ML"
pcp,branded,0.6077,False,0.6077,0.0066,0.0,1,1,allcaps,Chicken PCP (Bone)
cello,branded,0.5927,False,0.906,0.4073,0.0219,3,1,prefix,CELLO TAPE BIG PLAIN 3 INCH
sos,branded,0.5889,False,0.5889,0.3277,0.2451,1,1,allcaps,Outer Bag SOS 70 GSM - Snacc
chat,branded,0.5813,False,0.7372,0.1112,0.4187,1,1,prefix,CHAT PLATE 6 INCH
khoyapindi1kg,branded,0.5775,False,0.9981,0.4225,0.0601,1,1,suffix,Shudh Garhwal - Khoya Pindi 1KG
moto,branded,0.5737,False,0.5737,0.1192,0.1259,1,1,inline,AJINO MOTO
egglessmayo,branded,0.5699,False,0.9774,0.3522,0.4301,1,1,suffix,Delmonte - Eggless Mayo
cleanedcrate,branded,0.5622,False,0.5622,0.0072,0.0002,1,1,inline,UH GREEN CAPSICUMWHOLE CLEANEDCRATE
real,branded,0.539,False,0.539,0.0,0.0716,2,2,inline|prefix,Real Pineapple Juice
yu001517,branded,0.539,False,0.539,0.0008,0.0,1,1,allcaps,YU001517 Sensor Magnetiv 2 Nc
permium,branded,0.5312,False,0.5312,0.0119,0.0,1,1,inline,Hungritos Permium without Skin On Fries 9Mm
w33,branded,0.5234,False,0.5234,0.0003,0.0,1,1,allcaps,MF White Compound CO W33
kulambuchillipowder500gm,branded,0.5,True,0.8032,0.9579,0.6792,1,1,suffix,"Sakthi - Kulambu Chilli powder, 500gm"
cuminjeera1kg,branded,0.5,True,0.9874,0.7372,0.5813,1,1,suffix,EASTMADE - CUMIN (JEERA) 1 KG
barcodelable50mmx25mmnontearable,branded,0.5,True,0.9935,0.9998,0.0321,1,1,suffix,ROW - Barcode Lable 50mmX25mm Non Tearable
lable,unbranded,0.5,True,0.0,0.9948,0.1112,1,1,inline,ROW - Barcode Lable 50mmX25mm Non Tearable
m38,unbranded,0.5,True,0.0213,0.0017,0.0,1,1,allcaps,T Shirt Black NM M38
papad,branded,0.5,True,0.6442,1.0,0.9997,3,2,inline|prefix|suffix,Papad ( Big)
rooh,unbranded,0.5,True,0.5,0.0006,0.709,1,1,prefix,ROOH AFZA
ultra,unbranded,0.5,True,0.002,0.02,0.7461,1,1,inline,Taski Suma Ultra (L2) 5L Can
lto,unbranded,0.5,True,0.0244,0.4073,0.0094,1,1,allcaps,Korean LTO Menu
triplesec,unbranded,0.5,True,0.0331,0.9643,0.1259,1,0,prefix,Triplesec
shudh,branded,0.5,True,0.977,0.0032,0.9981,1,1,prefix,Shudh Garhwal - Khoya Pindi 1KG
garhwal,branded,0.5,True,0.6298,0.0006,0.8741,1,1,inline,Shudh Garhwal - Khoya Pindi 1KG
fun,branded,0.5,True,0.9933,0.8311,0.2121,1,1,inline,#_# Chocolate Fudge Overload (NAS) 500 ml - Frozen Fun
biriyan,unbranded,0.5,True,0.0061,0.3074,0.0759,1,1,inline,Prepit Hyderabad Biriyan 1 kg
dott,unbranded,0.5,True,0.4922,0.0014,0.0053,1,1,inline,COLOUR CODE DOTT TUES
kanga,branded,0.5,True,0.5583,0.0122,0.5156,1,1,inline,Sweetpotato (Kanga)
think,branded,0.5,True,0.9815,0.5312,0.0044,3,3,inline|prefix,STICKERS WVF COLD VARAVRAGE - THINK ORIGINS HAZELNUT COLD FILTER COFFEE FSSAI
fssai,unbranded,0.5,True,0.0001,0.0,0.0,1,1,inline,STICKERS WVF COLD VARAVRAGE - THINK ORIGINS HAZELNUT COLD FILTER COFFEE FSSAI
aanch,branded,0.5,True,0.9937,0.0,0.6334,1,0,prefix,AANCH COVER
good,unbranded,0.5,True,0.4073,0.9046,0.0592,2,2,inline|prefix,Good Night Machine
night,unbranded,0.5,True,0.0489,0.0447,0.5467,1,1,inline,Good Night Machine
handi,unbranded,0.5,True,0.0152,0.9919,0.0138,7,6,inline|prefix,Biryani Handi 750 GM
kobij,branded,0.5,True,0.9866,0.8222,0.8311,1,1,prefix,Kobij-Cabbage
popsicle,branded,0.5,True,0.989,0.9923,0.9934,1,1,inline,#_# FC - Orange Popsicle Ice Cream [70 Ml] - Noto
kit,unbranded,0.5,True,0.0,0.9999,0.3775,2,2,inline|prefix,Kit Kat
kat,unbranded,0.5,True,0.1711,0.0016,0.0002,1,1,inline,Kit Kat
murukku,branded,0.5,True,0.9993,0.3849,0.7607,9,9,inline|suffix,#_# Asafoetida / Hing - murukku
blackpaperwholekalimirch,branded,0.5,True,0.9986,0.9344,0.566,1,1,suffix,3 EASTMADE - BLACK PAPER WHOLE (KALI MIRCH)
momo,branded,0.5,True,0.9878,1.0,0.9892,3,3,inline|prefix,Momo Steamer
herble,unbranded,0.5,True,0.0706,0.077,0.0002,1,1,inline,Amla Sabut Herble
tab,unbranded,0.5,True,0.0004,0.9931,0.0619,1,1,inline,SUMA TAB CHLORINE
chutney,branded,0.5,True,0.9946,1.0,0.9999,4,4,inline|suffix,Dhania Pudina Chutney-SNACC
banditos,unbranded,0.5,True,0.0034,0.0008,0.0014,2,1,inline,#_# Caramelo Banditos Sticker - Cookie Cartel
mithainamkeen,branded,0.5,True,0.9999,0.1385,0.9853,1,1,suffix,Flexible Plastic Bags ( 5kg Small Size - Mithai & Namkeen)
unbranded,unbranded,0.5,True,0.0009,0.4417,0.9971,4,4,inline|prefix,Unbranded Spray Gun
teqila,unbranded,0.5,True,0.3346,0.9893,0.0081,1,1,prefix,Teqila Blanco Don Angel 750 Ml
chakkiatta30kg,branded,0.5,True,0.9893,0.9952,0.8289,1,1,suffix,VIKRAM - CHAKKI ATTA 30 KG
egglesschocolavacakepremix1kgambient148873,branded,0.5,True,0.9958,0.9019,0.001,1,1,suffix,Infinite - Eggless Choco Lava Cake Premix 1 Kg Ambient 148873
choco,unbranded,0.5,True,0.1128,0.9988,0.3923,2,2,allcaps|inline,Infinite - Eggless Choco Lava Cake Premix 1 Kg Ambient 148873
ambient,unbranded,0.5,True,0.0,0.9019,0.4688,1,1,inline,Infinite - Eggless Choco Lava Cake Premix 1 Kg Ambient 148873
greensmall,unbranded,0.5,True,0.0004,0.0402,0.0005,1,1,inline,UH ZUCCHINI GREENSMALL DICE1 KG / BAG
bite,unbranded,0.5,True,0.1112,0.0001,0.0002,5,2,inline,Butter Scotch DF Bite
m21,unbranded,0.5,True,0.2689,0.0001,0.0,1,1,allcaps,Milk Compound Slab M21
x1kg,unbranded,0.5,True,0.0,0.9943,0.1871,1,1,allcaps,Mangoes (Sindhura) X1KG
make,unbranded,0.5,True,0.0,0.8791,0.0792,1,1,inline,Premix Egg Free Chocolate Make: pillsbury
jau,branded,0.5,True,0.7372,1.0,0.9763,1,1,prefix,Jau / Ghat
burata,unbranded,0.5,True,0.1366,0.8418,0.0174,1,1,prefix,Burata Cheese 250 Grm
godfather,unbranded,0.5,True,0.0368,0.0006,0.0059,1,1,inline,#_# The Godfather (Reeses peanut butter cup) Cookie Dough - Cookie Cartel
gud,branded,0.5,True,0.9649,0.0815,0.5429,1,0,prefix,Gud
poly,branded,0.5,True,0.9417,0.8267,0.1052,3,3,inline|prefix,Poly Veg logo1500&#215;23
gendaphool,branded,0.5,True,1.0,0.0,0.7691,2,2,suffix,#_# Kesar Peda 500gms - Genda Phool
genda,branded,0.5,True,0.7372,0.1348,0.8758,2,2,inline,#_# Kesar Peda 500gms - Genda Phool
san,unbranded,0.5,True,0.0015,0.1733,0.0927,1,1,prefix,San Marzano - Pomace Olive Oil
marzano,unbranded,0.5,True,0.0067,0.1312,0.2043,1,1,inline,San Marzano - Pomace Olive Oil
capsicumwhole,unbranded,0.5,True,0.0001,0.9684,0.002,1,1,inline,UH GREEN CAPSICUMWHOLE CLEANEDCRATE
tie,unbranded,0.5,True,0.0006,0.9999,0.133,1,0,inline,200m Tie
pet,unbranded,0.5,True,0.0003,0.9999,0.0901,5,3,inline|prefix,N_4  Pet Jar Lid
farm,unbranded,0.5,True,0.0346,0.0,0.0035,6,3,inline,#_# Mango Kulfi 300gm - Parsi Dairy Farm
d15,unbranded,0.5,True,0.4688,0.001,0.0,1,1,allcaps,Dark Compound Co D15 500Gms
chounk,branded,0.5,True,0.9993,0.0152,0.6689,3,3,inline,Turmeric (Haldi) Powder Chounk
rubberkitchengloves,branded,0.5,True,0.9579,0.9759,0.9161,1,1,suffix,Scotch Brite - Rubber Kitchen Gloves
juna,branded,0.5,True,0.5234,0.5039,0.0759,1,1,inline,SCOTCH BRITE  JUNA
puree,unbranded,0.5,True,0.0,1.0,0.0307,2,1,inline,MANGO PUREE
spice,branded,0.5,True,0.9993,0.9969,0.9982,3,3,inline|prefix,Lobo - 5 Spice Powder 65 gm 51547
topper,branded,0.5,True,0.8397,0.6926,0.461,1,0,prefix,Topper
canteen,branded,0.5,True,0.9892,0.0003,0.9604,2,1,prefix,Canteen Tea Cup (130ML)
sakura,unbranded,0.5,True,0.0032,0.3416,0.9987,2,2,prefix,#_# Sakura Blossom Gateaux (125 Gms) - Ether
rare,unbranded,0.5,True,0.0001,0.001,0.0981,1,0,inline,J and B Rare
golden,unbranded,0.5,True,0.4301,0.0385,0.8176,2,2,inline|prefix,Golden Dust
tiny,unbranded,0.5,True,0.3486,0.0,0.0619,2,1,inline,#_# Slide Tru Hamper Box OF 4 Outer - The Tiny Tub
mothbeans,branded,0.5,True,0.9981,0.9939,0.9997,1,1,suffix,Moth / Math Atta - Flour - Moth Beans
moth,branded,0.5,True,0.6151,0.9997,0.5851,2,2,prefix,Moth / Math Atta - Flour - Moth Beans
ajinomato,unbranded,0.5,True,0.0,0.021,0.0,2,1,prefix,Ajinomato
tango,branded,0.5,True,0.8439,0.0003,0.5506,1,1,prefix,#_# Tango Mango - Anando
food,unbranded,0.5,True,0.0876,0.884,0.2282,3,3,inline|prefix,Food Colours Splash 200g Assorted
splash,unbranded,0.5,True,0.1919,0.039,0.9679,1,1,inline,Food Colours Splash 200g Assorted
brandy,unbranded,0.5,True,0.0,1.0,0.0244,2,2,inline,BARDINET BRANDY 1000 ML
softsponge,branded,0.5,True,0.9963,0.7957,0.9664,1,1,suffix,SCOTCH BRITE - SOFT SPONGE
perfect,unbranded,0.5,True,0.0004,0.2783,0.974,1,1,prefix,PERFECT NO-BAKE CHEESECAKE MIX (1KG)
s36,unbranded,0.5,True,0.0096,0.0078,0.0,1,1,allcaps,Chef Coat S36  Black Half Sleeve
delta,unbranded,0.5,True,0.3923,0.0,0.0183,1,1,inline,Fruit Filling Mango Delta
aroma,branded,0.5,True,0.9674,0.9906,0.7154,2,2,inline|prefix,Aroma Diffuser Liquid
hazelnutchocopaste1kg140027,branded,0.5,True,0.8081,0.8459,0.0003,1,1,suffix,GK-Morde - Hazelnut Chocopaste 1 Kg 140027
crispycajunbreadingmix1kgh51176,unbranded,0.5,True,0.0,0.539,0.0003,1,1,suffix,Chef's Art - Crispy Cajun Breading Mix 1 Kg H51176
h51176,unbranded,0.5,True,0.0,0.0,0.0,1,1,allcaps,Chef's Art - Crispy Cajun Breading Mix 1 Kg H51176
duo,unbranded,0.5,True,0.0,0.4225,0.9252,1,1,inline,preethi xpro Duo mg-198 1300w
label,unbranded,0.5,True,0.0009,0.0115,0.5273,4,2,inline,Tea Powder   Red Label 1kg pkt
choice,unbranded,0.5,True,0.0022,0.2509,0.3346,1,1,inline,Cremica Chef Choice Mayo
mrp,unbranded,0.5,True,0.0,0.5,0.8376,1,0,inline,Water Bottle Mrp 70
die,unbranded,0.5,True,0.0,0.3381,0.8032,1,0,inline,95 Die lid
pillar,branded,0.5,True,0.8775,0.002,0.6406,1,0,prefix,Pillar
shresth,branded,0.5,True,1.0,0.0,0.5813,1,1,prefix,Shresth Gold Milk 500 Ml
party,branded,0.5,True,0.8439,0.9998,0.9996,2,2,inline|prefix,Party Popper 40 CM
cassatar73mm,branded,0.5,True,0.9848,0.9702,0.1112,1,1,suffix,Butter Paper - Cassata (r=73mm)
iceberg,unbranded,0.5,True,0.3416,0.9888,0.2751,1,0,prefix,Iceberg
iqf,unbranded,0.5,True,0.0,0.9999,0.461,1,1,inline,RASPBERRY IQF FROZEN
jamaicanjerkseasoning400gm,branded,0.5,True,0.9981,0.9974,0.8977,1,1,suffix,Chefs Art - Jamaican Jerk Seasoning 400 gm
copier,unbranded,0.5,True,0.0001,0.9914,0.4571,1,0,inline,JK Copier A4 Paper
tops,unbranded,0.5,True,0.1403,0.0,0.0005,1,0,inline,Sauce Chilli Green Tops
bark,unbranded,0.5,True,0.0967,0.1312,0.2451,1,1,inline,Gold Bark (Leaf)
amrut,branded,0.5,True,1.0,0.0,0.6758,1,1,prefix,Amrut fusion single malt whisky 750 ml
makeup,unbranded,0.5,True,0.0001,0.991,0.0804,1,1,inline,TL Hitachi UX Makeup 800ml
ganga,branded,0.5,True,0.7718,0.0,0.7461,1,0,inline,ATTA GANGA
tetra,unbranded,0.5,True,0.1919,0.9993,0.4225,2,2,inline,MILK AMUL TETRA PACK
bayleaf,branded,0.5,True,0.9707,0.2069,0.9019,1,1,prefix,Bayleaf Chounk
breakfast,unbranded,0.5,True,0.0,0.0006,0.9399,2,1,prefix,Breakfast Sugar Trust 1 Kg
jali,branded,0.5,True,0.5851,0.9974,0.9977,1,1,prefix,JALI MAT 10MM HEAVY
sooji1kg,unbranded,0.5,True,0.005,0.2309,0.133,1,1,suffix,RAJDHANI - SOOJI (1KG)
macroni,branded,0.5,True,0.9196,0.9996,0.1733,1,1,prefix,Macroni Rajdhani
selecte,unbranded,0.5,True,0.3208,0.0015,0.0002,1,1,inline,Grover Selecte Chenin Blanc 750 Ml
kumatia,branded,0.5,True,0.852,0.8808,0.1461,1,0,prefix,Kumatia
chiplet,unbranded,0.5,True,0.0002,0.9956,0.0316,1,1,inline,Butter Chiplet
tikho,branded,0.5,True,0.8199,0.9983,0.7827,1,1,inline,Farali Chevdo (Tikho)
manager,unbranded,0.5,True,0.0,0.0049,0.0012,1,1,prefix,Manager Shirt Pink Size-S
outlet,unbranded,0.5,True,0.4149,0.0863,0.0454,1,1,inline,Aluminium Container 750ml with Lid (Outlet)
panner,unbranded,0.5,True,0.0016,0.9943,0.0162,1,0,prefix,Panner Fresh 1 kg
mumbai,unbranded,0.5,True,0.0019,0.4766,0.6993,1,1,prefix,MUMBAI RAVA 5 KG
x50,unbranded,0.5,True,0.0,0.9963,0.3416,1,1,allcaps,Garbage Bag Green 30 X50
new,unbranded,0.5,True,0.0001,0.4805,0.1023,1,1,inline,Grated mozzarella New Onesta
exempt,unbranded,0.5,True,0.0,0.4922,0.0177,1,1,inline,Amul Fresh Cream 1 Ltr- Exempt
tiger,unbranded,0.5,True,0.0018,0.8311,0.1582,1,0,inline,Salt Black Tiger
rasila,branded,0.5,True,0.8903,0.9826,0.9659,1,1,prefix,Rasila Rajma - Outsource
dfm,unbranded,0.5,True,0.3558,0.0004,0.0,1,1,allcaps,Maida DFM 50 Kg Unbrand
sause,unbranded,0.5,True,0.0,0.9958,0.0647,1,1,inline,Kissan Tomato Sause Dip
cucumber,branded,0.5,True,0.9944,1.0,1.0,2,2,inline|suffix,Kakdi - Cucumber
saunf,branded,0.5,True,0.9344,0.9997,1.0,1,1,suffix,Aniseed Whole - Saunf
mogra,unbranded,0.5,True,0.0368,0.0226,0.7827,1,1,prefix,Mogra Staff Rice (Broken Basmati Rice) 30 Kg 138777
wet,branded,0.5,True,0.8333,1.0,1.0,2,2,inline|prefix,#_# Mop Refill [Wet]
strawberrysmoothiepremixpowder58gx15sachet,unbranded,0.5,True,0.0164,0.9997,0.0063,1,1,suffix,GK - Infinite Food - Strawberry Smoothie Premix Powder (58 G x 15 sachet)
order,unbranded,0.5,True,0.0001,0.8397,0.2121,1,1,inline,SS Round Plate 10 Inch- Order Plate
chinesereadyschezwansaucefrozen1kg,unbranded,0.5,True,0.4149,0.9284,0.0326,2,1,suffix,RTE-Seths - Chinese Ready Schezwan Sauce (Frozen) 1 Kg
rte,unbranded,0.5,True,0.3849,0.0558,0.4844,2,1,allcaps,RTE-Seths - Chinese Ready Schezwan Sauce (Frozen) 1 Kg
seths,unbranded,0.5,True,0.0,0.0,0.0,2,1,inline,RTE-Seths - Chinese Ready Schezwan Sauce (Frozen) 1 Kg
scissor,unbranded,0.5,True,0.0003,0.9996,0.3174,1,0,prefix,#_# Scissor
transfer,branded,0.5,True,0.9433,0.0759,0.9693,1,1,prefix,Transfer Notebook
meduim,branded,0.5,True,0.9173,0.7432,0.0013,1,1,suffix,Plastic Storage Boxes - Meduim
king,unbranded,0.5,True,0.3242,0.1968,0.4301,1,1,inline,Kitchen King MDH 100 Gm- GST @ 5%
bb0009,unbranded,0.5,True,0.0,0.0,0.0,1,1,allcaps,"RTE-Seths - Chinese Ready Schezwan Sauce (Frozen), 1 Kg BB0009"
leaveapplication,branded,0.5,True,0.9998,0.4225,0.9112,1,0,suffix,BOOKLET - LEAVE APPLICATION
nonbromite,unbranded,0.5,True,0.0076,0.3923,0.0057,1,1,prefix,NONBROMITE BREAD IMPROVER 1 KG 0157
inc,unbranded,0.5,True,0.0001,0.8597,0.1067,1,1,inline,Polyester Label Sticker (4x2 Inc Red) Non veg
curaco,unbranded,0.5,True,0.0,0.8824,0.0237,1,1,inline,Monin Blue Curaco 700 ml
cubes,unbranded,0.5,True,0.0,0.9998,0.3007,2,2,inline|prefix,Maggi Cubes Chicken
tar,unbranded,0.5,True,0.1259,0.0481,0.8056,1,1,prefix,#_# Tar Brush (Dosa Bhatti)
jain,branded,0.5,True,0.9955,0.0028,0.9868,1,1,prefix,Jain Hing Powder
ban,unbranded,0.5,True,0.4922,0.0004,0.0396,1,1,allcaps,Carrot Beans Poriyal(ME)-A-BAN
withbarrier1270,branded,0.5,True,0.9943,0.9592,0.0015,1,1,suffix,POUCH 200MM X 250MM - Poly Pet - With Barrier (12/70)
cola,unbranded,0.5,True,0.0,0.077,0.15,1,1,inline,Coca Cola 180ML (Pack of 36PCS)
ziplock,unbranded,0.5,True,0.0321,0.9433,0.248,1,1,prefix,Ziplock Bags
cane,unbranded,0.5,True,0.461,0.0037,0.0804,1,1,inline,COKE CANE
redchillywholekashmiri,branded,0.5,True,0.9996,0.848,0.6039,1,1,suffix,Kashmiri Mirch Aakhu - Red Chilly Whole Kashmiri
newyork,unbranded,0.5,True,0.2942,0.0012,0.0567,1,1,prefix,Newyork Cheese Filling
n20,unbranded,0.5,True,0.0637,0.0216,0.0,1,1,allcaps,N20 Whipped Cream Chargers
magnetiv,unbranded,0.5,True,0.0351,0.0542,0.0,1,1,inline,YU001517 Sensor Magnetiv 2 Nc
rocher,unbranded,0.5,True,0.2451,0.0792,0.0021,1,1,inline,#_# Frozen Chonk O Rocher - Chonkers
plum,branded,0.5,True,0.539,0.3522,0.9649,1,1,prefix,Plum Essence
sbs,unbranded,0.5,True,0.0038,0.9698,0.4494,1,1,allcaps,Canteen Drink Box (250GSM) SBS
grade1fine,branded,0.5,True,0.7491,0.9975,0.9968,1,1,suffix,Moong Dal - Grade 1 (Fine)
focassia,unbranded,0.5,True,0.0,0.9995,0.2628,1,1,inline,Italian Focassia Polly Bag 8 x 10 Inch
slide,unbranded,0.4922,False,0.0007,0.539,0.5078,3,2,prefix,#_# Slide Tru Hamper Box OF 4 Outer - The Tiny Tub
lollo,unbranded,0.4571,False,0.0,0.9994,0.5429,1,1,inline,Lettuce Lollo Rosso
quarry,unbranded,0.4378,False,0.0302,0.5622,0.9763,1,1,prefix,Quarry And Tile Floor Cleaner (120X2Oz)
laddle,unbranded,0.4301,False,0.0003,0.9983,0.5699,1,1,prefix,Laddle Chinese with wooden handle 4 inch
cmc,unbranded,0.4301,False,0.4301,0.9334,0.7311,1,0,prefix,Cmc Powder
mary,unbranded,0.4225,False,0.0,0.5775,0.6261,1,0,inline,ROSE MARY
eggfree,unbranded,0.4149,False,0.4149,0.9917,0.9992,1,1,prefix,EGGFREE TEA TIME VANILLA MUFFIN
gate,unbranded,0.3923,False,0.3923,0.848,0.9917,1,1,prefix,#_# Gate Pass Book
gold,unbranded,0.3849,False,0.3849,0.9999,0.9976,7,7,inline|prefix,Camino Real Gold 750Ml
yum,unbranded,0.3812,False,0.0001,0.9809,0.6188,1,1,inline,#_# Sticker - Sauce Dip Sticker Tangy Thai Tom Yum Sauce - Prasuma
math,unbranded,0.3666,False,0.0197,0.9988,0.6334,1,1,inline,Moth / Math Atta - Flour - Moth Beans
diya,unbranded,0.363,False,0.363,0.9932,0.9996,1,0,prefix,Diya Oil
lltr,unbranded,0.3522,False,0.0,0.9982,0.6478,1,1,inline,Orange Juice 1 Lltr
tikona,unbranded,0.3451,False,0.3451,0.9995,0.9993,1,1,prefix,Tikona Paratha
stapler,unbranded,0.3416,False,0.0002,1.0,0.6584,1,0,prefix,#_# Stapler
code,unbranded,0.3346,False,0.0,0.9124,0.6654,1,1,inline,COLOUR CODE DOTT TUES
bopp,unbranded,0.3346,False,0.0,0.9999,0.6654,1,0,inline,340 MM BOPP ROLL
kesar,unbranded,0.3208,False,0.0002,0.9944,0.6792,6,5,inline|prefix,KESAR
sensor,unbranded,0.3141,False,0.0,0.9938,0.6859,1,1,inline,YU001517 Sensor Magnetiv 2 Nc
stone,unbranded,0.2846,False,0.0003,0.7154,0.9979,1,1,prefix,Stone Flower(Dagad Phool)
vala,unbranded,0.2814,False,0.0276,0.9598,0.7186,1,1,inline,Noodle ( Thin Vala )
chenin,unbranded,0.272,False,0.0,0.9968,0.728,1,1,inline,Grover Selecte Chenin Blanc 750 Ml
chocopaste,unbranded,0.2689,False,0.0003,0.9999,0.7311,1,1,inline,GK-Morde - Hazelnut Chocopaste 1 Kg 140027
baby,unbranded,0.2689,False,0.0001,1.0,0.7311,1,1,prefix,Baby Rawas
mackeral,unbranded,0.2539,False,0.0,0.9999,0.7461,1,0,prefix,Mackeral 6/8
sweetpotato,unbranded,0.248,False,0.0062,0.9998,0.752,1,1,prefix,Sweetpotato (Kanga)
rawa,unbranded,0.2422,False,0.0888,0.9999,0.7578,2,2,inline,IDLY RAWA
dust,unbranded,0.2282,False,0.2282,1.0,0.9998,5,4,inline|prefix,Dust Pan  Supli
register,unbranded,0.2282,False,0.2282,1.0,0.9999,1,1,inline,InWard Register
road,unbranded,0.2227,False,0.0,0.9836,0.7773,1,1,inline,#_# Rocky Road Ice-cream Tub (100ml) - Meemees
sheek,unbranded,0.22,False,0.011,0.9914,0.78,1,1,inline,STICKER SHEEK KABAB
chavali,unbranded,0.2173,False,0.0695,0.9997,0.7827,1,0,prefix,Chavali Red
mic,unbranded,0.1993,False,0.0,0.9996,0.8007,1,1,inline,Plastic Film Pouch 7*10 80 Mic
peach,unbranded,0.1968,False,0.0,1.0,0.8032,3,2,inline,Monin Peach flavour
protien,unbranded,0.1968,False,0.0,0.9996,0.8032,1,1,inline,#_# Double Cocoa Protien Bar - The Whole Truth
grms,unbranded,0.1895,False,0.0,0.9999,0.8105,1,1,inline,Artichoke Tin 390 Grms
xxxl,unbranded,0.1801,False,0.0,0.9974,0.8199,1,1,allcaps,Biryani Rice(1121 XXXL)
sindhura,unbranded,0.1755,False,0.0,0.9976,0.8245,1,1,inline,Mangoes (Sindhura) X1KG
roti,unbranded,0.1733,False,0.0,1.0,0.8267,2,2,inline,Tawa Roti (7 inch)
disposible,unbranded,0.1561,False,0.0,1.0,0.8439,1,1,prefix,DISPOSIBLE GLOVES
stirrer,unbranded,0.152,False,0.0,0.9533,0.848,1,1,prefix,#_# Stirrer - Murukku
leaves,unbranded,0.152,False,0.0,1.0,0.848,4,3,inline,Lemon Leaves Fresh
economy,unbranded,0.152,False,0.0124,0.848,0.9112,1,1,prefix,Economy - Staff Toor Dal 1 Kg (Non IP) 131965
kung,unbranded,0.148,False,0.0,0.9993,0.852,1,1,prefix,Kung Pao Sauce 335 G
chocochip,unbranded,0.1461,False,0.0,0.9999,0.8539,1,0,inline,Milk Chocochip
pindi,unbranded,0.1441,False,0.0,0.9974,0.8559,1,1,inline,Shudh Garhwal - Khoya Pindi 1KG
machine,unbranded,0.1403,False,0.0001,0.9999,0.8597,1,1,inline,Good Night Machine
milakai,unbranded,0.1366,False,0.0,0.9988,0.8634,1,1,inline,AACHI KULAMBU MILAKAI STAFF
kitchen,unbranded,0.1366,False,0.1366,0.9993,0.8903,3,3,inline|prefix,Scotch Brite - Rubber Kitchen Gloves
lit,unbranded,0.1312,False,0.0,0.9991,0.8688,1,1,inline,MINERAL WATER BOTTLE 1 LIT SF
air,unbranded,0.1312,False,0.003,0.99,0.8688,1,1,prefix,Air Freshener Godrej
death,unbranded,0.1259,False,0.0474,0.8741,0.954,1,1,inline,#_# Jar - Death By Chocolate - Getaway
ready,unbranded,0.1242,False,0.0,0.9945,0.8758,2,1,inline,RTE-Seths - Chinese Ready Schezwan Sauce (Frozen) 1 Kg
broccoli,unbranded,0.1225,False,0.0,1.0,0.8775,1,0,prefix,Broccoli  incremental 0.5 10301
designer,unbranded,0.1192,False,0.021,0.9196,0.8808,1,1,prefix,Designer Dummy
peri,unbranded,0.1112,False,0.0,0.998,0.8888,4,2,inline,VKL PERI PERI MARINADE
dummy,unbranded,0.1097,False,0.0402,0.9992,0.8903,1,1,inline,Designer Dummy
keora,unbranded,0.1023,False,0.1023,1.0,0.9989,1,0,prefix,Keora Water 500Ml
subji,unbranded,0.0954,False,0.0,1.0,0.9046,1,0,inline,Staff Subji
pla,unbranded,0.094,False,0.0001,0.9985,0.906,1,1,allcaps,Fork PLA 160 mm
wrap,unbranded,0.0927,False,0.0,0.9999,0.9073,1,1,inline,Flow Wrap Rolls - Raspberry Duet (60 ml)
retort,unbranded,0.0888,False,0.0,0.9981,0.9112,1,1,inline,Dosa Masala Retort
magaj,unbranded,0.0851,False,0.005,0.9996,0.9149,1,0,prefix,Magaj Big
tom,unbranded,0.0851,False,0.0011,0.9989,0.9149,2,2,inline|prefix,Tom Kha Paste 1kg pkt
burst,unbranded,0.0827,False,0.0,0.9173,0.9185,1,1,inline,Classic Ice Burst 10 Nos
duet,unbranded,0.0827,False,0.0001,0.9952,0.9173,1,1,inline,Flow Wrap Rolls - Raspberry Duet (60 ml)
river,unbranded,0.0804,False,0.0601,0.9196,0.972,1,1,prefix,River Sole Fillet
blanche,unbranded,0.0781,False,0.0,0.9951,0.9219,1,1,inline,Hoegaarden Belgian Blanche
teacake,unbranded,0.0781,False,0.0,1.0,0.9219,1,1,inline,Q-com Teacake Blister Tray
blow,unbranded,0.077,False,0.0,0.9922,0.923,1,1,inline,TORCH BLOW COOKING
blanco,unbranded,0.0759,False,0.0001,0.998,0.9241,2,2,inline,Teqila Blanco Don Angel 750 Ml
brookies,unbranded,0.0716,False,0.0,1.0,0.9284,1,0,inline,Coffee and Chocolate Brookies
kale,unbranded,0.0706,False,0.0,1.0,0.9294,1,0,prefix,Kale
printer,unbranded,0.0706,False,0.0,0.9998,0.9294,1,0,prefix,PRINTER ROLL
blister,unbranded,0.0695,False,0.0,0.9987,0.9305,1,1,inline,Q-com Teacake Blister Tray
sharpner,unbranded,0.0675,False,0.0675,1.0,0.9874,1,0,prefix,Sharpner
piri,unbranded,0.0656,False,0.0001,0.9999,0.9344,2,2,inline|prefix,Chefs Art - Piri Piri Sprinkler 250 gm 51189
drink,unbranded,0.0647,False,0.0,0.9998,0.9353,1,1,inline,Canteen Drink Box (250GSM) SBS
time,unbranded,0.0601,False,0.0,0.998,0.9399,1,1,inline,EGGFREE TEA TIME VANILLA MUFFIN
compound,unbranded,0.0601,False,0.0,1.0,0.9399,3,2,inline,MF White Compound CO W33
ponni,unbranded,0.0567,False,0.0,0.9998,0.9433,1,1,inline,Rice Dosa (Ponni)
chops,unbranded,0.0558,False,0.0558,0.9999,0.9744,1,0,prefix,Chops
boba,unbranded,0.0511,False,0.0012,0.9489,0.9817,1,1,prefix,Boba Lychee can
day,unbranded,0.0489,False,0.0,0.9511,0.9895,1,1,inline,Mother's Day Double Chocolate Brownie box - Blinkit / Instamart
hyderabad,unbranded,0.0474,False,0.0048,0.9526,0.9986,1,1,inline,Prepit Hyderabad Biriyan 1 kg
modak,unbranded,0.046,False,0.0,1.0,0.954,1,1,prefix,#_# Modak - Murukku
malka,unbranded,0.0421,False,0.0421,0.999,0.9649,1,1,inline,Red Malka (Lal Masoor) Rajdhani
chick,unbranded,0.0415,False,0.0,0.9944,0.9585,1,1,prefix,Chick peas
bhatti,unbranded,0.039,False,0.002,0.9966,0.961,1,1,inline,#_# Tar Brush (Dosa Bhatti)
grinded,unbranded,0.039,False,0.0,0.9997,0.961,1,1,inline,Brown Onion Grinded
serve,unbranded,0.0373,False,0.0,0.9995,0.9627,1,1,inline,Biryani small Box (Serve -1)
cook,unbranded,0.0368,False,0.0006,0.9828,0.9632,1,1,prefix,COOK POT SS WITH LID 36*20  20LTR
wrapper,unbranded,0.0351,False,0.0003,0.9999,0.9649,1,1,prefix,Wrapper Yellow (12x12) for FLYP
chilly,unbranded,0.0346,False,0.0,1.0,0.9654,3,2,inline|prefix,CHILLY POWDER  1KG
chargers,unbranded,0.0341,False,0.0,1.0,0.9659,1,1,inline,N20 Whipped Cream Chargers
pomaceoliveoil,unbranded,0.0331,False,0.0331,0.9784,0.9975,1,1,suffix,San Marzano - Pomace Olive Oil
check,unbranded,0.0326,False,0.0004,0.9999,0.9674,1,1,inline,Duster Check/Hand
waffle,unbranded,0.0316,False,0.0,1.0,0.9684,1,1,inline,GK-Miami Waffle Pizza Pkg Box 1PKT 100PC GK Dry 137504
danish,unbranded,0.0307,False,0.0,0.9693,0.9954,1,1,prefix,Danish White Feta 500GM
oelek,unbranded,0.0302,False,0.0,0.9986,0.9698,1,1,inline,Sambal Oelek
ghat,unbranded,0.0298,False,0.0293,0.9967,0.9702,1,1,inline,Jau / Ghat
banarasi,unbranded,0.0284,False,0.0284,0.9994,0.9994,1,1,allcaps,BANARASI LAL PEDA-200 Gms
misti,unbranded,0.0268,False,0.0006,0.9961,0.9732,1,1,prefix,#_# Misti Doi 100gm - Parsi Dairy Farm
great,unbranded,0.0264,False,0.0,0.9736,0.9815,1,1,inline,#_# The Great Indian Toffee 300gm - Parsi Dairy Farm
tooth,unbranded,0.0264,False,0.0,0.9998,0.9736,1,1,inline,Kimirica White Gold Tooth Brush pack
kali,unbranded,0.026,False,0.0,0.9999,0.974,3,3,inline|prefix,3 EASTMADE - BLACK PAPER WHOLE (KALI MIRCH)
pkg,unbranded,0.0241,False,0.0,0.9992,0.9759,2,1,inline,GK-NY Pan Cake Sp Pkg Box 1PKT 100PC GK Dry 137497
belgian,unbranded,0.0241,False,0.0,0.9958,0.9759,1,1,inline,Hoegaarden Belgian Blanche
gulab,unbranded,0.0233,False,0.0001,0.9777,0.9767,1,1,prefix,Gulab Jamun (Wyn)
aata,unbranded,0.023,False,0.0,0.9991,0.977,1,1,inline,Fortune Aata
english,unbranded,0.0219,False,0.0,0.999,0.9781,1,1,prefix,English Toffee
rampuri,unbranded,0.0194,False,0.0194,0.9931,0.9949,1,1,prefix,RAMPURI MIRCH
papaya,unbranded,0.0191,False,0.0191,1.0,0.9995,3,0,prefix,PAPAYA
basil,unbranded,0.0185,False,0.0,1.0,0.9815,1,0,prefix,Basil
insulation,unbranded,0.0183,False,0.0,0.9999,0.9817,1,1,inline,#_# Kulfi Insulation Bag - Parsi Dairy Farm
til,unbranded,0.0174,False,0.0,1.0,0.9826,1,1,inline,SEED TIL WHITE NYLON
rocky,unbranded,0.0164,False,0.0001,0.9836,0.9838,1,1,prefix,#_# Rocky Road Ice-cream Tub (100ml) - Meemees
kulfi,unbranded,0.0145,False,0.0,1.0,0.9855,4,3,inline|prefix,#_# Mango Kulfi 300gm - Parsi Dairy Farm
berry,unbranded,0.0136,False,0.0,1.0,0.9864,3,2,inline,Blue Berry 250Gs
american,unbranded,0.0132,False,0.0,0.9994,0.9868,1,1,prefix,American corn Sweet (per piece)
pista,unbranded,0.0124,False,0.0,1.0,0.9876,3,1,inline|prefix,Dry Fruits Pista Whole
super,unbranded,0.0121,False,0.0012,0.9879,0.9939,1,1,inline,Walnut whole Super (2 Pcs)
lollypop,unbranded,0.0121,False,0.0,1.0,0.9879,1,0,inline,Chicken Lollypop Plate
square,unbranded,0.0121,False,0.0,0.9993,0.9879,1,1,prefix,#_# Square Butter Paper - Le Four
biscuits,unbranded,0.0119,False,0.0,1.0,0.9881,3,3,inline,DIGESTIVE BISCUITS
mysore,unbranded,0.0119,False,0.0025,0.9973,0.9881,1,1,prefix,#_# Mysore Chutney Frozen - Murukku
bombay,unbranded,0.0115,False,0.0115,0.9988,0.9966,1,1,prefix,Bombay pao
slab,unbranded,0.0113,False,0.0,0.9999,0.9887,1,1,inline,Milk Compound Slab M21
tearable,unbranded,0.0112,False,0.0,0.9999,0.9888,1,1,inline,ROW - Barcode Lable 50mmX25mm Non Tearable
malta,unbranded,0.0108,False,0.0003,0.9998,0.9892,1,1,inline,Orange/Malta
overload,unbranded,0.0105,False,0.0,0.998,0.9895,1,1,inline,#_# Chocolate Fudge Overload (NAS) 500 ml - Frozen Fun
barcode,unbranded,0.0105,False,0.0,0.9996,0.9895,1,1,inline,ROW - Barcode Lable 50mmX25mm Non Tearable
salad,unbranded,0.0103,False,0.0,1.0,0.9897,2,0,inline|prefix,STICKER SALAD
essence,unbranded,0.0099,False,0.0001,0.9901,0.9927,1,1,inline,Plum Essence
motichur,unbranded,0.0097,False,0.0,0.9999,0.9903,2,2,inline|prefix,Gram Flour/Besan (Motichur)
luster,unbranded,0.0096,False,0.0096,0.9973,0.9966,1,1,prefix,Luster Dust Royal Gold
passion,unbranded,0.009,False,0.0001,1.0,0.991,2,2,allcaps|inline,PASSION FRUIT SYRUP(1 LTR) Foodoo
fees,unbranded,0.0088,False,0.0018,0.9912,0.995,1,1,prefix,Fees for plumber
date,unbranded,0.0088,False,0.0035,0.9921,0.9912,1,1,prefix,Date Label Sticker
elaichi,unbranded,0.0088,False,0.0,0.9999,0.9912,1,1,inline,MOTI ELAICHI
nos,unbranded,0.0087,False,0.0,0.9986,0.9913,2,2,inline,Classic Ice Burst 10 Nos
hearts,unbranded,0.0078,False,0.0001,0.9954,0.9922,1,1,inline,FRENCH HEARTS VINYL STICKER SET
texmex,unbranded,0.0076,False,0.0003,0.9976,0.9924,1,0,prefix,Texmex cheese sauce
nylon,unbranded,0.0076,False,0.0,0.993,0.9924,2,2,inline,SABUDANA NYLON
kasoori,unbranded,0.0073,False,0.0,0.9988,0.9927,1,1,prefix,Kasoori Methi Dry 100GM
pocha,unbranded,0.007,False,0.007,1.0,0.9998,2,1,inline|prefix,Floor Duster (Pocha)
stainless,unbranded,0.0068,False,0.0,0.9997,0.9932,1,1,prefix,Stainless Steel Scrub
wash,unbranded,0.0064,False,0.0007,1.0,0.9936,3,3,inline,Hand Wash 5 Ltr Can
virgin,unbranded,0.0061,False,0.0001,0.9981,0.9939,1,1,inline,Garbage Bag Big 30X50 Virgin
number,unbranded,0.006,False,0.0,0.9994,0.994,1,1,prefix,Number Candles
elephant,unbranded,0.0059,False,0.0017,0.9941,0.9975,1,1,prefix,Elephant Yam
xylitol,unbranded,0.0058,False,0.0,1.0,0.9942,1,1,allcaps,#_# XYLITOL Chocolate Hazelnut Icecream (600ML) - Bina
grm,unbranded,0.0057,False,0.0,0.9998,0.9943,1,1,inline,Burata Cheese 250 Grm
dhuli,unbranded,0.0057,False,0.0,1.0,0.9943,1,1,inline,MOONG DHULI DAL
panini,unbranded,0.0056,False,0.0004,0.999,0.9944,1,1,prefix,Panini Bread Outer Sticker (CBTL)
garnish,unbranded,0.0055,False,0.0055,0.9999,0.9961,1,1,prefix,Garnish Tray Plastic 9 Insert
guilt,unbranded,0.0055,False,0.0,0.9985,0.9945,1,1,inline,#_# Blueberry Greek Yogurt Minis Guilt Free Ice Cream [09 pieces] - Noto
moti,unbranded,0.0054,False,0.0054,0.9981,0.9952,1,1,prefix,MOTI ELAICHI
poppy,unbranded,0.0054,False,0.0,0.9985,0.9946,1,0,inline,SEED POPPY
phool,unbranded,0.0054,False,0.0048,0.9946,0.9984,4,4,inline|prefix,Stone Flower(Dagad Phool)
sprinkle,unbranded,0.0053,False,0.0,0.9999,0.9947,2,1,inline,Chocolate Sprinkle
blossom,unbranded,0.0053,False,0.0,0.9997,0.9947,1,1,inline,#_# Sakura Blossom Gateaux (125 Gms) - Ether
flower,unbranded,0.0051,False,0.0,0.9999,0.9949,1,1,inline,Stone Flower(Dagad Phool)
dog,unbranded,0.0047,False,0.0,0.9996,0.9953,1,1,inline,Hot Dog Bun 55g L 160mm X W 55mm
indian,unbranded,0.0046,False,0.0,0.9992,0.9954,1,1,inline,#_# The Great Indian Toffee 300gm - Parsi Dairy Farm
pgs,unbranded,0.0045,False,0.0,0.9999,0.9955,1,1,inline,Long Note Book 200 Pgs Chandras SB
sabut,unbranded,0.0045,False,0.0,1.0,0.9955,1,1,inline,Amla Sabut Herble
insert,unbranded,0.0043,False,0.0,1.0,0.9957,1,1,inline,Garnish Tray Plastic 9 Insert
kha,unbranded,0.0043,False,0.0,0.9999,0.9957,1,1,inline,Tom Kha Paste 1kg pkt
half,unbranded,0.0039,False,0.0,1.0,0.9961,3,3,inline,Chef Coat S36  Black Half Sleeve
rosso,unbranded,0.0035,False,0.0,0.9992,0.9965,1,1,inline,Lettuce Lollo Rosso
schezwan,unbranded,0.0034,False,0.0,1.0,0.9966,3,1,inline,Sauce-Schezwan
couverture,unbranded,0.0034,False,0.0,1.0,0.9966,1,1,inline,Dark Couverture 54%
smp,unbranded,0.0033,False,0.0,0.9999,0.9967,1,1,allcaps,Skimmed Milk Powder (SMP) (Milk Protein - 36 percent)
tender,unbranded,0.0033,False,0.0,0.9997,0.9967,1,1,prefix,#_# Tender Coconut Litchi Ice Pop - Getaway
tawa,unbranded,0.0033,False,0.0001,0.9967,0.9999,1,1,prefix,Tawa Roti (7 inch)
whipped,unbranded,0.0032,False,0.0,0.9987,0.9968,1,1,inline,N20 Whipped Cream Chargers
menu,unbranded,0.0032,False,0.0,0.9992,0.9968,1,1,inline,Korean LTO Menu
brush,unbranded,0.0031,False,0.0,1.0,0.9969,2,2,inline,#_# Tar Brush (Dosa Bhatti)
wild,unbranded,0.0031,False,0.0,0.9986,0.9969,1,1,prefix,Wild Rocket Micro 100 gm
cavity,unbranded,0.0031,False,0.0001,0.9993,0.9969,1,1,prefix,Cavity for corrugated box 720ml
kharata,unbranded,0.0029,False,0.001,0.9999,0.9971,1,1,inline,Floor Broom- Kharata
rich,unbranded,0.0028,False,0.0012,0.9998,0.9972,1,1,prefix,Rich Whipping Cream Gold
naga,unbranded,0.0027,False,0.0001,0.9973,0.9973,1,1,prefix,#_# Naga Chilli Sauce - Prasuma
off,unbranded,0.0027,False,0.0,0.9996,0.9973,1,1,inline,Lamb Rack Cap Off 1 Pkt
spring,unbranded,0.0026,False,0.0,1.0,0.9974,2,1,inline,Non Veg Spring Rolls -SNACC
voucher,unbranded,0.0026,False,0.0,1.0,0.9974,1,1,inline,A5 Voucher Leaflet
dome,unbranded,0.0026,False,0.0026,0.9998,0.9988,1,1,inline,#_# Pink Dome Box 1/2 Kg - Sassy Teaspoon
alcoholic,unbranded,0.0025,False,0.0,1.0,0.9975,1,1,inline,Beer Non Alcoholic 330 ml - Coolberg (Ginger Flavour)
top,unbranded,0.0025,False,0.0,0.9998,0.9975,1,1,prefix,TOP COVER OF BOX 750 ML SALADSPOINT
printing,unbranded,0.0024,False,0.0,0.9995,0.9976,1,1,inline,Carry Bag Paper 1Kg Printing
platter,unbranded,0.0023,False,0.0,0.9997,0.9977,1,1,inline,Pizza Platter Butter Paper 16*9
saver,unbranded,0.0022,False,0.0,0.9999,0.9978,1,0,inline,Cake Saver
theli,unbranded,0.0022,False,0.0003,0.9999,0.9978,1,1,inline,Plastic Packing Theli (PP)
nuts,unbranded,0.0022,False,0.0,0.9999,0.9978,1,1,prefix,NUTS CASHEW 4PCS
pop,unbranded,0.0021,False,0.0,1.0,0.9979,2,2,inline,#_# Tender Coconut Litchi Ice Pop - Getaway
sorbate,unbranded,0.0021,False,0.0,1.0,0.9979,1,1,inline,Potassium Sorbate
napkin,unbranded,0.0021,False,0.0006,1.0,0.9979,4,3,inline|prefix,PAPER NAPKIN - 12CM X12 CM - PLAIN - LOCAL - PKT
temper,unbranded,0.002,False,0.0,0.9995,0.998,1,1,inline,#_# Mustard Seeds Temper/Tadka - Murukku
cling,unbranded,0.002,False,0.0,0.9997,0.998,1,1,prefix,Cling Film
scrub,unbranded,0.002,False,0.0,1.0,0.998,1,1,inline,Stainless Steel Scrub
dioxide,unbranded,0.002,False,0.0,1.0,0.998,1,1,inline,Silicon Dioxide
andhra,unbranded,0.002,False,0.0,0.9997,0.998,1,1,inline,Pickle Andhra
rack,unbranded,0.0019,False,0.0,1.0,0.9981,1,1,inline,Lamb Rack Cap Off 1 Pkt
local,unbranded,0.0019,False,0.0,0.9981,0.9987,1,1,inline,PAPER NAPKIN - 12CM X12 CM - PLAIN - LOCAL - PKT
pao,unbranded,0.0019,False,0.0,0.9982,0.9981,1,1,inline,Kung Pao Sauce 335 G
hash,unbranded,0.0019,False,0.0,0.9992,0.9981,1,1,inline,McCain Rosti Round/ Hash Brown 1.5kg
artesian,unbranded,0.0019,False,0.0,0.9994,0.9981,1,1,inline,Blue Pine Artesian Water - 750 ML - GST @18 %
billing,unbranded,0.0018,False,0.0003,1.0,0.9982,2,2,inline,Thermal Paper Roll   Billing
disposal,unbranded,0.0018,False,0.0,0.9998,0.9982,2,1,prefix,Disposal Cap (Pkt)
valencia,unbranded,0.0017,False,0.0,0.9997,0.9983,1,1,prefix,Valencia Orange
micro,unbranded,0.0017,False,0.0,0.9983,0.9992,1,1,inline,Wild Rocket Micro 100 gm
barrier,unbranded,0.0017,False,0.0,1.0,0.9983,1,1,inline,POUCH 200MM X 250MM - Poly Pet - With Barrier (12/70)
nimbu,unbranded,0.0016,False,0.0,1.0,0.9984,1,1,prefix,Nimbu (Lemon)
lal,unbranded,0.0016,False,0.0015,0.9984,0.9996,2,2,allcaps|inline,BANARASI LAL PEDA-200 Gms
bed,unbranded,0.0016,False,0.0,0.9999,0.9984,1,0,prefix,Bed Sheet
chest,unbranded,0.0015,False,0.0,1.0,0.9985,1,1,prefix,Chest Freezer Capacity - 500 Ltr - 1060*700*840
aampanna,unbranded,0.0015,False,0.0,1.0,0.9985,1,0,prefix,Aampanna juice 150ml
candles,unbranded,0.0015,False,0.0,1.0,0.9985,1,1,inline,Number Candles
birthday,unbranded,0.0015,False,0.0,0.9985,0.999,1,1,prefix,BIRTHDAY CAP BOY
xxl,unbranded,0.0015,False,0.0,1.0,0.9985,1,1,allcaps,Cotton pink plan shirt  (Size-XXL)
velvet,unbranded,0.0015,False,0.0,1.0,0.9985,3,3,inline,#_# Griselda's Red Velvet Sticker (Eggless) - Cookie Cartel
currant,unbranded,0.0015,False,0.0,1.0,0.9985,1,1,inline,MAPRO BLACK CURRANT 1 LTR
freezer,unbranded,0.0014,False,0.0,1.0,0.9986,1,1,inline,Chest Freezer Capacity - 500 Ltr - 1060*700*840
kebab,unbranded,0.0014,False,0.0,0.9999,0.9986,1,1,inline,Paper Printed Kebab Box 6 Compartment
cacao,unbranded,0.0014,False,0.0,1.0,0.9986,1,1,prefix,#_# Cacao Crispy - Ether
improver,unbranded,0.0013,False,0.0,1.0,0.9987,1,1,inline,NONBROMITE BREAD IMPROVER 1 KG 0157
etc,unbranded,0.0013,False,0.0,0.9997,0.9987,1,0,inline,PAPER CUP ( TEA WATER ETC)
cold,unbranded,0.0013,False,0.0,1.0,0.9987,1,1,inline,STICKERS WVF COLD VARAVRAGE - THINK ORIGINS HAZELNUT COLD FILTER COFFEE FSSAI
drumsticks,unbranded,0.0012,False,0.0001,1.0,0.9988,2,2,inline,Sargvo-Drumsticks
greeting,unbranded,0.0012,False,0.0002,0.9988,0.9995,1,1,prefix,#_# Greeting Card - Sassy Teaspoon
chonak,unbranded,0.0012,False,0.0005,1.0,0.9988,1,0,prefix,Chonak
hakka,unbranded,0.0012,False,0.0,1.0,0.9988,1,1,inline,#_# PMK Veg Hakka Noodles 250gm - Prasuma
fry,unbranded,0.0011,False,0.0,1.0,0.9989,1,1,inline,CHICKEN FRY MIXTURE (CF1)
pound,unbranded,0.0011,False,0.0,1.0,0.9989,1,1,inline,#_# Eggless Chocolate Chip Pound Cake - Sweetish
toor,unbranded,0.001,False,0.0,1.0,0.999,1,1,inline,Economy - Staff Toor Dal 1 Kg (Non IP) 131965
croissant,unbranded,0.001,False,0.0,1.0,0.999,3,3,inline,3 Ply Corrugated Croissant Tray
kulambu,unbranded,0.001,False,0.0,1.0,0.999,2,2,inline,"Sakthi - Kulambu Chilli powder, 500gm"
batani,unbranded,0.001,False,0.0,1.0,0.999,1,1,inline,White Peas Batani
spinach,unbranded,0.001,False,0.0001,1.0,0.999,3,1,prefix|suffix,Palak - Spinach
sea,unbranded,0.0009,False,0.0,0.9991,0.9995,1,1,inline,Frozen Sea Bass Fillets
fold,unbranded,0.0009,False,0.0,1.0,0.9991,1,1,inline,Multi Fold Tissue
mayo,unbranded,0.0009,False,0.0,1.0,0.9991,2,2,inline,Delmonte - Eggless Mayo
italian,unbranded,0.0009,False,0.0,1.0,0.9991,1,1,prefix,Italian Focassia Polly Bag 8 x 10 Inch
hydrochloric,unbranded,0.0009,False,0.0,1.0,0.9991,1,1,prefix,Hydrochloric Acid
ker,unbranded,0.0009,False,0.0,0.9999,0.9991,1,1,prefix,Ker Sangri
grenadine,unbranded,0.0009,False,0.0,1.0,0.9991,1,0,inline,DV Grenadine Syrup 750 ml
byadagi,unbranded,0.0009,False,0.0001,0.9995,0.9991,1,1,inline,Chilly Byadagi
wide,unbranded,0.0009,False,0.0,0.9991,1.0,1,1,allcaps,Bagasse Burger BOX  WIDE BASE
baguette,unbranded,0.0008,False,0.0,1.0,0.9992,1,1,prefix,#_# Baguette Sourdough - La folie
honey,unbranded,0.0008,False,0.0,1.0,0.9992,2,2,inline|prefix,Dabur Honey
boy,unbranded,0.0008,False,0.0,0.9999,0.9992,1,1,inline,BIRTHDAY CAP BOY
jamun,unbranded,0.0008,False,0.0,1.0,0.9992,2,2,allcaps|inline,Gulab Jamun (Wyn)
dustbin,unbranded,0.0008,False,0.0,1.0,0.9992,1,0,prefix,Dustbin Cover Small
crackers,unbranded,0.0008,False,0.0,1.0,0.9992,1,1,inline,Nam Shop Sticker   Prawn Crackers Large
loose,unbranded,0.0008,False,0.0,1.0,0.9992,2,1,inline,Malai Paneer Soft Loose
saffron,unbranded,0.0008,False,0.0001,0.9998,0.9992,1,1,prefix,Saffron Kessar
egg,unbranded,0.0007,False,0.0,1.0,0.9993,2,1,inline|prefix,Premix Egg Free Chocolate Make: pillsbury
sleeve,unbranded,0.0007,False,0.0,1.0,0.9993,3,2,inline|prefix,Roll Sleeve Red
colour,unbranded,0.0007,False,0.0001,1.0,0.9993,6,4,inline|prefix,COLOUR CODE DOTT TUES
ltrs,unbranded,0.0007,False,0.0,1.0,0.9993,1,1,inline,R.O Water Bottles (20 Ltrs)
popper,unbranded,0.0007,False,0.0,1.0,0.9993,1,1,inline,Party Popper 40 CM
leaf,unbranded,0.0007,False,0.0007,1.0,0.9995,2,2,inline,Gold Bark (Leaf)
wipes,unbranded,0.0007,False,0.0,0.9999,0.9993,3,2,inline,Wonder Wipes
gateaux,unbranded,0.0007,False,0.0,1.0,0.9993,1,1,inline,#_# Sakura Blossom Gateaux (125 Gms) - Ether
minis,unbranded,0.0007,False,0.0,0.9999,0.9993,4,4,allcaps|inline|prefix,#_# Classic Vanilla Minis Sugar Free Ice cream [09 pieces] - Noto
sour,unbranded,0.0007,False,0.0,0.9993,0.9997,1,0,prefix,SOUR DOUGH BREAD
fungus,unbranded,0.0007,False,0.0,1.0,0.9993,1,0,inline,Black Fungus
bake,unbranded,0.0007,False,0.0,0.9999,0.9993,1,1,inline,PERFECT NO-BAKE CHEESECAKE MIX (1KG)
blend,unbranded,0.0007,False,0.0,1.0,0.9993,1,1,inline,#_# Cothas Blend Coffee 200 Gm - Murukku
chlorine,unbranded,0.0007,False,0.0,1.0,0.9993,2,1,inline|prefix,SUMA TAB CHLORINE
dagad,unbranded,0.0007,False,0.0,0.9993,0.9994,1,1,inline,Stone Flower(Dagad Phool)
fudge,unbranded,0.0007,False,0.0,1.0,0.9993,1,1,inline,#_# Chocolate Fudge Overload (NAS) 500 ml - Frozen Fun
tahina,unbranded,0.0007,False,0.0,1.0,0.9993,1,0,prefix,Tahina Paste
silicon,unbranded,0.0006,False,0.0,0.9996,0.9994,1,1,prefix,Silicon Dioxide
drums,unbranded,0.0006,False,0.0,1.0,0.9994,1,1,inline,Crispy Chicken Wings- Drums+Flats
pass,unbranded,0.0006,False,0.0,0.9998,0.9994,1,1,inline,#_# Gate Pass Book
multi,unbranded,0.0006,False,0.0,0.9994,0.9995,1,1,prefix,Multi Fold Tissue
urinal,unbranded,0.0006,False,0.0,1.0,0.9994,1,1,prefix,Urinal Pad
natural,unbranded,0.0006,False,0.0001,0.9996,0.9994,1,1,prefix,Natural Mineral Water Aava 500 ml
message,unbranded,0.0006,False,0.0006,0.9999,0.9998,1,0,prefix,Message Card
kundru,unbranded,0.0006,False,0.0,1.0,0.9994,1,0,prefix,Kundru
paleo,unbranded,0.0006,False,0.0,1.0,0.9994,1,1,inline,#_# Tag - Gluten-free Paleo Cookies - Le Four
cooking,unbranded,0.0006,False,0.0,1.0,0.9994,2,2,inline|prefix,Cooking White Wine 750ml
sole,unbranded,0.0006,False,0.0,1.0,0.9994,1,1,inline,River Sole Fillet
maraschino,unbranded,0.0005,False,0.0,0.9998,0.9995,1,1,prefix,Maraschino Cherry 737 Gms
gas,unbranded,0.0005,False,0.0,0.9995,0.9998,1,1,prefix,Gas Lighter
mould,unbranded,0.0005,False,0.0,1.0,0.9995,1,1,inline,SS Mould Round Cutter - 12pcs
ada,unbranded,0.0005,False,0.0,1.0,0.9995,1,0,inline,RICE ADA
aromatic,unbranded,0.0005,False,0.0,0.9996,0.9995,1,1,inline,ANGOSTURA Aromatic bitters (200ML)
tangy,unbranded,0.0005,False,0.0,1.0,0.9995,1,1,inline,#_# Sticker - Sauce Dip Sticker Tangy Thai Tom Yum Sauce - Prasuma
shirt,unbranded,0.0005,False,0.0,1.0,0.9995,3,1,inline|prefix,T Shirt Black NM M38
pav,unbranded,0.0005,False,0.0,0.9997,0.9995,1,1,inline,MDH Pav Bhaji Masala 100 grams
chundakkai,unbranded,0.0005,False,0.0,1.0,0.9995,1,1,prefix,CHUNDAKKAI VATHAL
silken,unbranded,0.0005,False,0.0005,1.0,0.9999,1,1,prefix,Silken Tofu 300g Voila
cotton,unbranded,0.0005,False,0.0005,1.0,1.0,3,3,prefix,Cotton BBK Apron
stamp,unbranded,0.0005,False,0.0005,0.9999,0.9996,1,1,prefix,Stamp Pad Medium Blue
shot,unbranded,0.0005,False,0.0,0.9995,0.9997,1,0,prefix,Shot Glass 60Ml
cheddar,unbranded,0.0005,False,0.0,1.0,0.9995,1,1,prefix,Cheddar White Wyke 2.5 Kg
thermal,unbranded,0.0005,False,0.0,1.0,0.9995,1,1,prefix,Thermal Paper Roll   Billing
litre,unbranded,0.0005,False,0.0,1.0,0.9995,1,1,inline,Nestle Water (19 Litre)
gram,unbranded,0.0005,False,0.0,0.9995,0.9996,1,1,prefix,Gram Flour/Besan (Motichur)
oat,unbranded,0.0005,False,0.0,1.0,0.9995,1,1,prefix,Oat Milk AltCo. 200 ml
leeks,unbranded,0.0005,False,0.0,1.0,0.9995,1,0,prefix,Leeks
apron,unbranded,0.0005,False,0.0,1.0,0.9995,1,1,inline,Cotton BBK Apron
idly,unbranded,0.0005,False,0.0,1.0,0.9995,2,1,prefix,IDLY POWDER
fork,unbranded,0.0005,False,0.0,1.0,0.9995,1,1,prefix,Fork PLA 160 mm
dragees,unbranded,0.0004,False,0.0,1.0,0.9996,1,1,inline,#_# Chocolate Coated Salted Pistachio Dragees Jar [120 grams] - Entisi Chocolatier
elastic,unbranded,0.0004,False,0.0,1.0,0.9996,1,1,prefix,Elastic thread round black 1.1 MM
refill,unbranded,0.0004,False,0.0,1.0,0.9996,1,1,inline,#_# Mop Refill [Wet]
potassium,unbranded,0.0004,False,0.0,0.9999,0.9996,1,1,prefix,Potassium Sorbate
doi,unbranded,0.0004,False,0.0,1.0,0.9996,1,1,inline,#_# Misti Doi 100gm - Parsi Dairy Farm
rocket,unbranded,0.0004,False,0.0,1.0,0.9996,1,1,inline,Wild Rocket Micro 100 gm
guava,unbranded,0.0004,False,0.0,1.0,0.9996,1,1,prefix,#_# Guava Pop (70 ML) - Noto
rajma,unbranded,0.0004,False,0.0,1.0,0.9996,1,1,inline,Rasila Rajma - Outsource
coat,unbranded,0.0004,False,0.0,1.0,0.9996,1,1,inline,Chef Coat S36  Black Half Sleeve
yogurt,unbranded,0.0004,False,0.0,1.0,0.9996,1,1,inline,#_# Blueberry Greek Yogurt Minis Guilt Free Ice Cream [09 pieces] - Noto
patty,unbranded,0.0004,False,0.0,1.0,0.9996,1,1,inline,GFB Mushroom Patty
lava,unbranded,0.0004,False,0.0,1.0,0.9996,2,1,inline|prefix,Infinite - Eggless Choco Lava Cake Premix 1 Kg Ambient 148873
kabab,unbranded,0.0004,False,0.0,1.0,0.9996,1,1,inline,STICKER SHEEK KABAB
crunchy,unbranded,0.0004,False,0.0,1.0,0.9996,3,3,inline|prefix,#_# Sticker - Sauce Dip Sticker Crunchy Chilli Oil - Prasuma
khoya,unbranded,0.0004,False,0.0,1.0,0.9996,1,1,inline,Shudh Garhwal - Khoya Pindi 1KG
greek,unbranded,0.0003,False,0.0,1.0,0.9997,1,1,inline,#_# Blueberry Greek Yogurt Minis Guilt Free Ice Cream [09 pieces] - Noto
pumpkin,unbranded,0.0003,False,0.0,0.9997,0.9999,1,0,allcaps,PUMPKIN SEEDS (1Kg Pkt)
application,unbranded,0.0003,False,0.0,0.9998,0.9997,1,1,inline,BOOKLET - LEAVE APPLICATION
brinjal,unbranded,0.0003,False,0.0,1.0,0.9997,1,0,prefix,Brinjal   Black
degreaser,unbranded,0.0003,False,0.0,1.0,0.9997,1,1,inline,Sumabrite Degreaser nd Heavy duty cleaner (break up HD)
whitener,unbranded,0.0003,False,0.0,1.0,0.9997,1,1,inline,EVD DAIRY WHITENER 1 KG
mixture,unbranded,0.0003,False,0.0,1.0,0.9997,1,1,inline,CHICKEN FRY MIXTURE (CF1)
chip,unbranded,0.0003,False,0.0,1.0,0.9997,3,3,inline,#_# Frozen OG Chocolate Chip Chonker - Chonkers
malai,unbranded,0.0003,False,0.0,1.0,0.9997,1,1,prefix,Malai Paneer Soft Loose
shower,unbranded,0.0003,False,0.0,1.0,0.9997,1,1,prefix,Shower Gel 5Ltr
feta,unbranded,0.0003,False,0.0,1.0,0.9997,1,1,inline,Danish White Feta 500GM
butter,unbranded,0.0003,False,0.0,1.0,0.9997,13,10,inline|prefix,Butter Pouch 9X12
mangoes,unbranded,0.0003,False,0.0,1.0,0.9997,1,1,prefix,Mangoes (Sindhura) X1KG
fried,unbranded,0.0003,False,0.0,1.0,0.9997,1,1,prefix,Fried Mirchi retort
whipping,unbranded,0.0003,False,0.0,1.0,0.9997,1,1,inline,Rich Whipping Cream Gold
filling,unbranded,0.0003,False,0.0,1.0,0.9997,2,2,inline,Fruit Filling Mango Delta
slicer,unbranded,0.0003,False,0.0,1.0,0.9997,1,1,inline,TL Slicer Cutter
nitrile,unbranded,0.0003,False,0.0,1.0,0.9997,1,1,prefix,Nitrile Hand Gloves (1box = 100 gloves)
chakki,unbranded,0.0003,False,0.0,1.0,0.9997,1,1,inline,VIKRAM - CHAKKI ATTA 30 KG
evaporated,unbranded,0.0003,False,0.0,1.0,0.9997,1,1,inline,CARNATTION MILK  405 GM ( EVAPORATED MILK )
citric,unbranded,0.0003,False,0.0,1.0,0.9997,1,1,prefix,Citric Acid Monohydrate 500 GM
chevdo,unbranded,0.0003,False,0.0,1.0,0.9997,1,1,inline,Farali Chevdo (Tikho)
millets,unbranded,0.0003,False,0.0,1.0,0.9997,2,2,inline|prefix,DAILY FRESH MILLETS IDLI AND DOSA BATTER POUCH 1/2KG
cylinder,unbranded,0.0003,False,0.0,1.0,0.9997,1,1,inline,19 KG Commercial Cylinder
crust,unbranded,0.0003,False,0.0,1.0,0.9997,1,1,inline,Pizza Base 8 inch Whole Wheat Pan Crust (Junos)
chardonnay,unbranded,0.0003,False,0.0,1.0,0.9997,1,1,inline,SDU Deva Chardonnay White wine 750ml
dip,unbranded,0.0002,False,0.0,1.0,0.9998,4,4,inline,PLASTIC DIP BOWL 50 ML
motichoor,unbranded,0.0002,False,0.0,1.0,0.9998,2,1,allcaps,MOTICHOOR LADDU 250g
grill,unbranded,0.0002,False,0.0,1.0,0.9998,1,1,inline,A-005 Grill and Oven Cleaner ACTON
capacity,unbranded,0.0002,False,0.0,1.0,0.9998,1,1,inline,Chest Freezer Capacity - 500 Ltr - 1060*700*840
snacks,unbranded,0.0002,False,0.0,1.0,0.9998,1,1,inline,TG-Party Snacks 35G Pouch
free,unbranded,0.0002,False,0.0,1.0,0.9998,7,6,inline,Premix Egg Free Chocolate Make: pillsbury
carrots,unbranded,0.0002,False,0.0,1.0,0.9998,2,2,prefix,"Carrots/Gajar, incremental 0.5 10335"
chaap,unbranded,0.0002,False,0.0,1.0,0.9998,1,1,inline,SOYA CHAAP STUFFED SF
sipper,unbranded,0.0002,False,0.0,1.0,0.9998,1,0,prefix,Sipper Cup 300ml
long,unbranded,0.0002,False,0.0,1.0,0.9998,3,3,inline|prefix,NOTEBOOK LONG 200 PAGES
seafood,unbranded,0.0002,False,0.0,1.0,0.9998,1,1,prefix,Seafood-Basa
bone,unbranded,0.0002,False,0.0,1.0,0.9998,1,1,inline,Chicken PCP (Bone)
rava,unbranded,0.0002,False,0.0,1.0,0.9998,1,1,inline,MUMBAI RAVA 5 KG
rub,unbranded,0.0002,False,0.0,1.0,0.9998,1,1,inline,Hand Rub
keto,unbranded,0.0002,False,0.0,1.0,0.9998,1,1,prefix,Keto Blueberry Cheesecake Ice Cream - 100 ml RM
customized,unbranded,0.0002,False,0.0,1.0,0.9998,1,1,inline,Disposable Paper Glass 150 ml Customized Printed Cups 180 GSM Paper
seekh,unbranded,0.0002,False,0.0,1.0,0.9998,1,1,inline,CHICKEN KEEMA FOR SEEKH
barbeque,unbranded,0.0002,False,0.0,1.0,0.9998,1,1,inline,Sandburgs Truffle Barbeque sauce (500 gram)
carry,unbranded,0.0002,False,0.0002,1.0,0.9998,3,1,inline|prefix,CARRY BAG 500GM
aam,unbranded,0.0002,False,0.0,1.0,0.9998,1,1,inline,#_# BC - Aam Ice Cream [300ML] - BICO
sponge,unbranded,0.0002,False,0.0,1.0,0.9998,1,1,inline,SCOTCH BRITE - SOFT SPONGE
jasmine,unbranded,0.0002,False,0.0,1.0,0.9998,2,1,inline,Thai Jasmine Rice 2kg pkt MBK
ketchup,unbranded,0.0002,False,0.0,1.0,0.9998,1,0,prefix,Ketchup
soaked,unbranded,0.0002,False,0.0,1.0,0.9998,1,1,prefix,#_# Soaked Chia - The Whole Truth
patta,unbranded,0.0002,False,0.0,1.0,0.9998,3,1,inline,Lettuce Patta
spread,unbranded,0.0002,False,0.0,1.0,0.9998,1,1,inline,Amul Cheese Spread 200 Gm
sprouted,unbranded,0.0002,False,0.0,1.0,0.9998,1,1,inline,DAILY FRESH SPROUTED PESARATTU BATTER POUCH 1/2KG
light,unbranded,0.0002,False,0.0,1.0,0.9998,1,1,prefix,Light Soya Sauce
chipotle,unbranded,0.0002,False,0.0,1.0,0.9998,1,0,prefix,Chipotle Sauce
apricot,unbranded,0.0002,False,0.0,1.0,0.9998,1,0,prefix,APRICOT 200 GM PACK
straw,unbranded,0.0002,False,0.0,1.0,0.9998,2,0,inline,Paper Straw
icing,unbranded,0.0002,False,0.0,0.9998,0.9998,1,0,prefix,Icing Sugar Powder
hair,unbranded,0.0002,False,0.0,1.0,0.9998,1,1,prefix,Hair Net
pomace,unbranded,0.0002,False,0.0,1.0,0.9998,2,2,inline,San Marzano - Pomace Olive Oil
filo,unbranded,0.0002,False,0.0,1.0,0.9998,1,1,inline,Thin Filo Dough For Sweet 450 gms
commercial,unbranded,0.0001,False,0.0,1.0,0.9999,1,1,inline,19 KG Commercial Cylinder
button,unbranded,0.0001,False,0.0,1.0,0.9999,2,2,inline,Mini Button Bhakarwadi
jerk,unbranded,0.0001,False,0.0,1.0,0.9999,1,1,inline,Chefs Art - Jamaican Jerk Seasoning 400 gm
soyabeen,unbranded,0.0001,False,0.0,1.0,0.9999,2,2,prefix,Soyabeen Chunks-Soya Chunks
kaffir,unbranded,0.0001,False,0.0,1.0,0.9999,2,1,prefix,KAFFIR LIME
microgreen,unbranded,0.0001,False,0.0,1.0,0.9999,1,1,inline,Green Mustard Microgreen
malaysian,unbranded,0.0001,False,0.0,1.0,0.9999,1,1,prefix,Malaysian Noodles ( Flat Noodles ) 1kg
shikanji,unbranded,0.0001,False,0.0,1.0,0.9999,1,0,prefix,SHIKANJI MASALA
grass,unbranded,0.0001,False,0.0,1.0,0.9999,1,1,inline,Lemon Grass (Green)
badam,unbranded,0.0001,False,0.0,1.0,0.9999,1,1,inline,ALMOND(BADAM)
stuffed,unbranded,0.0001,False,0.0,1.0,0.9999,1,1,inline,SOYA CHAAP STUFFED SF
squeeze,unbranded,0.0001,False,0.0,1.0,0.9999,1,1,prefix,Squeeze bottles -  Large
digestive,unbranded,0.0001,False,0.0,1.0,0.9999,1,1,prefix,DIGESTIVE BISCUITS
ganaches,unbranded,0.0001,False,0.0,1.0,0.9999,2,1,inline,#_# Box of 20 Assorted Ganaches - La Folie
breading,unbranded,0.0001,False,0.0,1.0,0.9999,2,2,inline,Crispy Cajun Breading Mix
urad,unbranded,0.0001,False,0.0,1.0,0.9999,1,1,prefix,Urad Wash
full,unbranded,0.0001,False,0.0,1.0,0.9999,4,0,inline|prefix,Milk ( Full Cream )
heeng,unbranded,0.0001,False,0.0,1.0,0.9999,1,1,prefix,Heeng Papdi 200g
basa,unbranded,0.0001,False,0.0,1.0,0.9999,2,1,inline|prefix,Basa Fish
kakdi,unbranded,0.0001,False,0.0,1.0,0.9999,1,1,prefix,Kakdi - Cucumber
packing,unbranded,0.0001,False,0.0,1.0,0.9999,4,3,inline|prefix,Plastic Packing Theli (PP)
pesto,unbranded,0.0001,False,0.0,1.0,0.9999,2,2,prefix,Pesto Pistachio 2.5kg (Mec3-14755)
hing,unbranded,0.0001,False,0.0,1.0,0.9999,3,2,inline|prefix,#_# Asafoetida / Hing - murukku
sourdough,unbranded,0.0001,False,0.0,1.0,0.9999,1,1,inline,#_# Baguette Sourdough - La folie
channa,unbranded,0.0001,False,0.0,1.0,0.9999,1,1,inline,Kabuli Channa
toned,unbranded,0.0001,False,0.0,1.0,0.9999,1,1,prefix,Toned Tetra Milk 1000 ml
prawn,unbranded,0.0001,False,0.0,1.0,0.9999,2,1,inline|prefix,Nam Shop Sticker   Prawn Crackers Large
ply,unbranded,0.0001,False,0.0,1.0,0.9999,1,1,inline,3 Ply Corrugated Croissant Tray
sambal,unbranded,0.0001,False,0.0,1.0,0.9999,1,1,prefix,Sambal Oelek
pili,unbranded,0.0001,False,0.0001,1.0,0.9999,1,1,prefix,Pili mirch powder / yellow chilli powder
chestnut,unbranded,0.0001,False,0.0,1.0,0.9999,2,0,inline,Water Chestnut In Water 567G
banana,unbranded,0.0001,False,0.0,1.0,0.9999,1,1,inline,Raw Banana- Nos
rings,unbranded,0.0001,False,0.0,1.0,0.9999,1,1,inline,ONION RINGS (PB)
cashewnuts,unbranded,0.0001,False,0.0,1.0,0.9999,2,0,prefix,Cashewnuts
chinese,unbranded,0.0001,False,0.0,1.0,0.9999,4,3,inline|prefix,RTE-Seths - Chinese Ready Schezwan Sauce (Frozen) 1 Kg
eggs,unbranded,0.0001,False,0.0,1.0,0.9999,1,0,prefix,Eggs
grated,unbranded,0.0001,False,0.0,1.0,0.9999,1,1,prefix,Grated mozzarella New Onesta
matthi,unbranded,0.0001,False,0.0,1.0,0.9999,1,1,inline,#_# Baked Oregano Cheese Matthi - Genda Phool
makana,unbranded,0.0001,False,0.0001,1.0,1.0,2,1,inline|prefix,Phool Makana
balls,unbranded,0.0001,False,0.0,1.0,0.9999,1,1,inline,Manchurian Balls 500 Gms
double,unbranded,0.0001,False,0.0,1.0,0.9999,3,3,inline|prefix,Mother's Day Double Chocolate Brownie box - Blinkit / Instamart
steel,unbranded,0.0001,False,0.0,1.0,0.9999,1,1,inline,Stainless Steel Scrub
chini,unbranded,0.0001,False,0.0,1.0,0.9999,1,0,inline,Sugar (Chini)
safed,unbranded,0.0001,False,0.0,1.0,0.9999,1,1,prefix,Safed mirchi
vathal,unbranded,0.0001,False,0.0,1.0,0.9999,1,1,inline,CHUNDAKKAI VATHAL
wings,unbranded,0.0001,False,0.0,1.0,0.9999,1,1,inline,Crispy Chicken Wings- Drums+Flats
mozzarella,unbranded,0.0001,False,0.0,1.0,0.9999,1,1,prefix,Mozzarella Cheese - Flanders
fajita,unbranded,0.0001,False,0.0,1.0,0.9999,1,1,prefix,Fajita Topping
kaju,unbranded,0.0001,False,0.0,1.0,0.9999,2,1,inline|prefix,Kaju 4pcs
synthetic,unbranded,0.0001,False,0.0,1.0,0.9999,1,1,inline,VINEGAR SYNTHETIC 750ML
tissue,unbranded,0.0001,False,0.0,1.0,0.9999,2,2,inline,Multi Fold Tissue
yam,unbranded,0.0001,False,0.0,1.0,0.9999,1,1,inline,Elephant Yam
palm,unbranded,0.0001,False,0.0,1.0,0.9999,1,1,prefix,Palm Jaggery (per kg)
rolls,unbranded,0.0001,False,0.0,1.0,0.9999,3,3,inline,Flow Wrap Rolls - Raspberry Duet (60 ml)
block,unbranded,0.0001,False,0.0,1.0,0.9999,1,1,inline,Cheese Block Processed
polycarbonate,unbranded,0.0001,False,0.0,1.0,0.9999,2,1,inline,Cambro Polycarbonate GN Pan 1/2 200mm
basmati,unbranded,0.0001,False,0.0,1.0,0.9999,2,2,inline|prefix,BASMATI BIRYANI RICE
kombu,unbranded,0.0001,False,0.0,1.0,0.9999,1,1,prefix,Kombu Leaf Dried 1kg pkt
broom,unbranded,0.0001,False,0.0,1.0,0.9999,1,1,inline,Floor Broom- Kharata
grapes,unbranded,0.0001,False,0.0,1.0,0.9999,1,0,inline,Green Grapes
lentils,unbranded,0.0001,False,0.0,1.0,0.9999,1,1,inline,Dal Tadka Lentils- ( 920 gms )
kashmiri,unbranded,0.0001,False,0.0,1.0,0.9999,5,2,inline|prefix,Kashmiri Mirch Powder
pitted,unbranded,0.0001,False,0.0,1.0,0.9999,1,1,inline,Habit Olives Green Pitted 3Kg
makki,unbranded,0.0001,False,0.0,1.0,0.9999,1,0,prefix,MAKKI ATTA
litchi,unbranded,0.0001,False,0.0,1.0,0.9999,1,1,inline,#_# Tender Coconut Litchi Ice Pop - Getaway
korean,unbranded,0.0001,False,0.0,1.0,0.9999,2,1,prefix,Korean LTO Menu
chia,unbranded,0.0001,False,0.0,1.0,0.9999,1,1,inline,#_# Soaked Chia - The Whole Truth
papdi,unbranded,0.0001,False,0.0,1.0,0.9999,1,1,inline,Heeng Papdi 200g
freshener,unbranded,0.0001,False,0.0,1.0,0.9999,2,2,inline,Air Freshener Godrej
diffuser,unbranded,0.0001,False,0.0,1.0,0.9999,1,1,inline,Aroma Diffuser Liquid
pesarattu,unbranded,0.0001,False,0.0,1.0,0.9999,1,1,inline,DAILY FRESH SPROUTED PESARATTU BATTER POUCH 1/2KG
bulgogi,unbranded,0.0001,False,0.0,1.0,0.9999,1,0,prefix,Bulgogi Sauce
vodka,unbranded,0.0001,False,0.0,1.0,0.9999,1,1,inline,Ketel One Vodka 750 ml
pouches,unbranded,0.0001,False,0.0,1.0,0.9999,2,2,inline,Aluminium (Silver) Pouches 6 inch * 9 inch (Pack of 100) 137302
nuggets,unbranded,0.0001,False,0.0,1.0,0.9999,1,1,inline,Butter Chicken Nuggets
meat,unbranded,0.0001,False,0.0,1.0,0.9999,2,2,inline|prefix,Meat Masala MDH
marinade,unbranded,0.0001,False,0.0,1.0,0.9999,3,2,inline,VKL PERI PERI MARINADE
lighter,unbranded,0.0,False,0.0,1.0,1.0,1,1,inline,Gas Lighter
leaflet,unbranded,0.0,False,0.0,1.0,1.0,1,1,inline,A5 Voucher Leaflet
cayenne,unbranded,0.0,False,0.0,1.0,1.0,1,1,prefix,Cayenne Pepper Powder
cutter,unbranded,0.0,False,0.0,1.0,1.0,2,2,inline,SS Mould Round Cutter - 12pcs
processed,unbranded,0.0,False,0.0,1.0,1.0,1,1,inline,Cheese Block Processed
golgappa,unbranded,0.0,False,0.0,1.0,1.0,1,1,prefix,Golgappa Sooji
vinegar,unbranded,0.0,False,0.0,1.0,1.0,1,1,prefix,VINEGAR SYNTHETIC 750ML
roots,unbranded,0.0,False,0.0,1.0,1.0,1,1,inline,Coriander Fresh W/O Roots
regular,unbranded,0.0,False,0.0,1.0,1.0,2,1,inline,Olive Oil (Regular /Pomace )
wine,unbranded,0.0,False,0.0,1.0,1.0,1,1,inline,Cooking White Wine 750ml
eggless,unbranded,0.0,False,0.0,1.0,1.0,4,4,inline|prefix,Infinite - Eggless Choco Lava Cake Premix 1 Kg Ambient 148873
heavy,unbranded,0.0,False,0.0,1.0,1.0,3,3,inline,Sumabrite Degreaser nd Heavy duty cleaner (break up HD)
pitta,unbranded,0.0,False,0.0,1.0,1.0,1,0,allcaps,WHITE PITTA BREAD (1pcs)
taro,unbranded,0.0,False,0.0,1.0,1.0,1,1,inline,Possmei Taro Powder Premix 1kg pkt
asafoetida,unbranded,0.0,False,0.0,1.0,1.0,1,1,prefix,#_# Asafoetida / Hing - murukku
cajun,unbranded,0.0,False,0.0,1.0,1.0,2,2,inline,Crispy Cajun Breading Mix
coated,unbranded,0.0,False,0.0,1.0,1.0,2,2,inline,Chicken wings Coated ( ITC )
basket,unbranded,0.0,False,0.0,1.0,1.0,1,0,inline,Cutlery Basket
mace,unbranded,0.0,False,0.0,1.0,1.0,1,1,inline,Javitri (Mace)
mousse,unbranded,0.0,False,0.0,1.0,1.0,1,1,inline,#_# Hazelnut Mousse Cake [500 gms] [Gluten Free] - Sassy Teaspoon
broth,unbranded,0.0,False,0.0,1.0,1.0,1,1,inline,Chicken Broth Powder Knorr
mithai,unbranded,0.0,False,0.0,1.0,1.0,1,1,inline,Flexible Plastic Bags ( 5kg Small Size - Mithai & Namkeen)
javitri,unbranded,0.0,False,0.0,1.0,1.0,1,1,prefix,Javitri (Mace)
gooseberry,unbranded,0.0,False,0.0,1.0,1.0,1,1,inline,Dry Amla-Dry Gooseberry
pocket,unbranded,0.0,False,0.0,1.0,1.0,1,1,inline,Veggie Pizza Pocket
adrak,unbranded,0.0,False,0.0,1.0,1.0,1,1,prefix,Adrak / Ginger
note,unbranded,0.0,False,0.0,1.0,1.0,4,4,inline|prefix,Note Pad 3x3
kabuli,unbranded,0.0,False,0.0,1.0,1.0,1,1,prefix,Kabuli Channa
galouti,unbranded,0.0,False,0.0,1.0,1.0,1,0,inline,Chicken Galouti
cocktail,unbranded,0.0,False,0.0,1.0,1.0,1,0,inline,Fruit Cocktail Tin
net,unbranded,0.0,False,0.0,1.0,1.0,1,1,inline,Hair Net
beer,unbranded,0.0,False,0.0,1.0,1.0,2,2,inline|prefix,Beer Non Alcoholic 330 ml - Coolberg (Ginger Flavour)
sangri,unbranded,0.0,False,0.0,1.0,1.0,1,1,inline,Ker Sangri
burger,unbranded,0.0,False,0.0,1.0,1.0,3,1,allcaps|inline|prefix,NON-VEG BURGER BUN (1x4)
gun,unbranded,0.0,False,0.0,1.0,1.0,1,1,inline,Unbranded Spray Gun
makhani,unbranded,0.0,False,0.0,1.0,1.0,1,0,inline,DAL MAKHANI STICKERS
rubber,unbranded,0.0,False,0.0,1.0,1.0,1,1,inline,Scotch Brite - Rubber Kitchen Gloves
topping,unbranded,0.0,False,0.0,1.0,1.0,1,1,inline,Fajita Topping
haleem,unbranded,0.0,False,0.0,1.0,1.0,1,0,inline,Sticker Mutton Haleem
set,unbranded,0.0,False,0.0,1.0,1.0,2,2,inline,Cutlery Set The Cake Story
palak,unbranded,0.0,False,0.0,1.0,1.0,2,1,prefix,Palak - Spinach
foil,unbranded,0.0,False,0.0,1.0,1.0,1,1,inline,Kesar Kaju Katli 500 Gms Gold Foil Cover
paratha,unbranded,0.0,False,0.0,1.0,1.0,1,1,inline,Tikona Paratha
sev,unbranded,0.0,False,0.0,1.0,1.0,1,1,inline,Fine Sev
tofu,unbranded,0.0,False,0.0,1.0,1.0,1,1,inline,Silken Tofu 300g Voila
stem,unbranded,0.0,False,0.0,1.0,1.0,1,1,inline,Red Cherry with Stem 850g Tin
gravy,unbranded,0.0,False,0.0,1.0,1.0,1,1,inline,Tomato ( For Gravy )
sandwich,unbranded,0.0,False,0.0,1.0,1.0,2,0,inline|prefix,SANDWICH BOX
jumbo,unbranded,0.0,False,0.0,1.0,1.0,1,1,inline,Whole Wheat Jumbo Bread
steamer,unbranded,0.0,False,0.0,1.0,1.0,1,1,inline,Momo Steamer
gajar,unbranded,0.0,False,0.0,1.0,1.0,1,1,inline,"Carrots/Gajar, incremental 0.5 10335"
rai,unbranded,0.0,False,0.0,1.0,1.0,1,1,prefix,Rai (Mustard Seed) 100gm
lamb,unbranded,0.0,False,0.0,1.0,1.0,1,1,prefix,Lamb Rack Cap Off 1 Pkt
namkeen,unbranded,0.0,False,0.0,1.0,1.0,1,1,inline,Flexible Plastic Bags ( 5kg Small Size - Mithai & Namkeen)
herbs,unbranded,0.0,False,0.0,1.0,1.0,2,1,inline,Oregano Herbs (Seasoning )
stick,unbranded,0.0,False,0.0,1.0,1.0,2,2,inline,#_# Pista Kulfi Stick (70 ml) - Go Zero
keema,unbranded,0.0,False,0.0,1.0,1.0,1,1,inline,CHICKEN KEEMA FOR SEEKH
melted,unbranded,0.0,False,0.0,1.0,1.0,2,2,inline,Milkhana Melted Cheese
soya,unbranded,0.0,False,0.0,1.0,1.0,5,5,inline|prefix,Soyabeen Chunks-Soya Chunks
sunflower,unbranded,0.0,False,0.0,1.0,1.0,1,0,prefix,Sunflower Oil
printed,unbranded,0.0,False,0.0,1.0,1.0,5,5,inline,Biryani Box Printed Round with Lid (1250 gm)
purple,unbranded,0.0,False,0.0,1.0,1.0,1,1,prefix,Purple Cabbage
lettuce,unbranded,0.0,False,0.0,1.0,1.0,2,2,prefix,Lettuce Patta
sachet,unbranded,0.0,False,0.0,1.0,1.0,2,1,inline,Pickle Sachet
almond,unbranded,0.0,False,0.0,1.0,1.0,4,4,inline|prefix,Almond biscotti (1pcs)
chillies,unbranded,0.0,False,0.0,1.0,1.0,1,0,inline,Green Chillies
size,unbranded,0.0,False,0.0,1.0,1.0,5,4,inline|prefix|suffix,Flexible Plastic Bags ( 5kg Small Size - Mithai & Namkeen)
broken,unbranded,0.0,False,0.0,1.0,1.0,2,2,inline,Mogra Staff Rice (Broken Basmati Rice) 30 Kg 138777
grade,unbranded,0.0,False,0.0,1.0,1.0,2,2,inline,Jeera Whole Grade 1
brain,unbranded,0.0,False,0.0,1.0,1.0,1,0,inline,MUTTON BRAIN 1PCS
artichoke,unbranded,0.0,False,0.0,1.0,1.0,1,1,prefix,Artichoke Tin 390 Grms
ghee,unbranded,0.0,False,0.0,1.0,1.0,2,2,inline|prefix,Vanaspati Ghee nature fresh
biryani,unbranded,0.0,False,0.0,1.0,1.0,5,5,inline|prefix,Biryani Handi 750 GM
tile,unbranded,0.0,False,0.0,1.0,1.0,1,1,inline,Quarry And Tile Floor Cleaner (120X2Oz)
chunks,unbranded,0.0,False,0.0,1.0,1.0,1,1,inline,Soyabeen Chunks-Soya Chunks
compartment,unbranded,0.0,False,0.0,1.0,1.0,1,1,inline,Paper Printed Kebab Box 6 Compartment
sundried,unbranded,0.0,False,0.0,1.0,1.0,1,1,prefix,Sundried Tomatoes in oil
monohydrate,unbranded,0.0,False,0.0,1.0,1.0,1,1,inline,Citric Acid Monohydrate 500 GM
thai,unbranded,0.0,False,0.0,1.0,1.0,5,3,inline|prefix,Thai Jasmine Rice 2kg pkt MBK
floor,unbranded,0.0,False,0.0,1.0,1.0,6,5,inline|prefix,Floor Broom- Kharata
mineral,unbranded,0.0,False,0.0,1.0,1.0,2,2,inline|prefix,MINERAL WATER BOTTLE 1 LIT SF
bhakarwadi,unbranded,0.0,False,0.0,1.0,1.0,1,1,inline,Mini Button Bhakarwadi
skimmed,unbranded,0.0,False,0.0,1.0,1.0,1,1,prefix,Skimmed Milk Powder (SMP) (Milk Protein - 36 percent)
leg,unbranded,0.0,False,0.0,1.0,1.0,1,1,inline,CHICKEN LEG RAW
pork,unbranded,0.0,False,0.0,1.0,1.0,1,1,prefix,Pork Red Meat
filter,unbranded,0.0,False,0.0,1.0,1.0,2,1,inline|prefix,STICKERS WVF COLD VARAVRAGE - THINK ORIGINS HAZELNUT COLD FILTER COFFEE FSSAI
noodles,unbranded,0.0,False,0.0,1.0,1.0,4,4,inline|prefix,Malaysian Noodles ( Flat Noodles ) 1kg
bass,unbranded,0.0,False,0.0,1.0,1.0,1,1,inline,Frozen Sea Bass Fillets
quinoa,unbranded,0.0,False,0.0,1.0,1.0,2,0,prefix,Quinoa 1kg
vada,unbranded,0.0,False,0.0,1.0,1.0,1,1,inline,Farali Sabudana Vada
flexible,unbranded,0.0,False,0.0,1.0,1.0,1,1,prefix,Flexible Plastic Bags ( 5kg Small Size - Mithai & Namkeen)
veggie,unbranded,0.0,False,0.0,1.0,1.0,1,1,prefix,Veggie Pizza Pocket
dhania,unbranded,0.0,False,0.0,1.0,1.0,3,3,inline|prefix,Dhania Pudina Chutney-SNACC
radish,unbranded,0.0,False,0.0,1.0,1.0,3,0,inline|prefix,Radish White
holder,unbranded,0.0,False,0.0,1.0,1.0,1,0,inline,Paper Cup Holder
dark,unbranded,0.0,False,0.0,1.0,1.0,7,6,inline|prefix,#_# SIERRA 72% Dark Chocolate Bar - Ether
flat,unbranded,0.0,False,0.0,1.0,1.0,3,3,inline,Malaysian Noodles ( Flat Noodles ) 1kg
brownie,unbranded,0.0,False,0.0,1.0,1.0,2,2,inline,Mother's Day Double Chocolate Brownie box - Blinkit / Instamart
shimeji,unbranded,0.0,False,0.0,1.0,1.0,1,1,prefix,Shimeji Mushrooms
pudina,unbranded,0.0,False,0.0,1.0,1.0,1,1,inline,Dhania Pudina Chutney-SNACC
glucose,unbranded,0.0,False,0.0,1.0,1.0,1,0,inline,Liquid Glucose
notebook,unbranded,0.0,False,0.0,1.0,1.0,2,2,inline|prefix,NOTEBOOK LONG 200 PAGES
toffee,unbranded,0.0,False,0.0,1.0,1.0,2,2,inline,#_# The Great Indian Toffee 300gm - Parsi Dairy Farm
flavour,unbranded,0.0,False,0.0,1.0,1.0,2,2,inline,Beer Non Alcoholic 330 ml - Coolberg (Ginger Flavour)
tikka,unbranded,0.0,False,0.0,1.0,1.0,3,3,inline,Chicken Tikka Marinated
parmesan,unbranded,0.0,False,0.0,1.0,1.0,1,0,prefix,Parmesan Cheese 1kg
medium,unbranded,0.0,False,0.0,1.0,1.0,2,2,inline,Cocoa powder (Medium Brown) Vanhouten
bottles,unbranded,0.0,False,0.0,1.0,1.0,2,2,inline,R.O Water Bottles (20 Ltrs)
sabudana,unbranded,0.0,False,0.0,1.0,1.0,2,2,inline|prefix,SABUDANA NYLON
manchurian,unbranded,0.0,False,0.0,1.0,1.0,1,1,prefix,Manchurian Balls 500 Gms
vanaspati,unbranded,0.0,False,0.0,1.0,1.0,2,1,prefix,Vanaspati 1kg pkt
bhaji,unbranded,0.0,False,0.0,1.0,1.0,1,1,inline,MDH Pav Bhaji Masala 100 grams
barfi,unbranded,0.0,False,0.0,1.0,1.0,1,1,inline,Sweets Milk Barfi Red Velvet
muffin,unbranded,0.0,False,0.0,1.0,1.0,1,1,inline,EGGFREE TEA TIME VANILLA MUFFIN
cleaner,unbranded,0.0,False,0.0,1.0,1.0,4,4,inline,A-005 Grill and Oven Cleaner ACTON
dalchini,unbranded,0.0,False,0.0,1.0,1.0,2,1,inline|prefix,Dalchini
silver,unbranded,0.0,False,0.0,1.0,1.0,4,1,inline|prefix,Silver Pouch 6*8
clear,unbranded,0.0,False,0.0,1.0,1.0,1,1,inline,12OZ CLEAR PET CUPS
gochujang,unbranded,0.0,False,0.0,1.0,1.0,4,1,inline|prefix,Gochujang Sauce
dispenser,unbranded,0.0,False,0.0,1.0,1.0,1,1,inline,Tape Dispenser
soft,unbranded,0.0,False,0.0,1.0,1.0,2,2,inline,Malai Paneer Soft Loose
boxes,unbranded,0.0,False,0.0,1.0,1.0,1,1,inline,Plastic Storage Boxes - Meduim
envelope,unbranded,0.0,False,0.0,1.0,1.0,2,0,inline|prefix,Envelope
pot,unbranded,0.0,False,0.0,1.0,1.0,1,1,inline,COOK POT SS WITH LID 36*20  20LTR
sooji,unbranded,0.0,False,0.0,1.0,1.0,2,2,inline,RAJDHANI - SOOJI (1KG)
mayonnaise,unbranded,0.0,False,0.0,1.0,1.0,1,0,inline,SAUCE MAYONNAISE
hot,unbranded,0.0,False,0.0,1.0,1.0,4,3,inline|prefix,Griffith Hot Chilli Marinade
flakes,unbranded,0.0,False,0.0,1.0,1.0,1,1,inline,Potato Flakes 1kg pkt
lime,unbranded,0.0,False,0.0,1.0,1.0,2,1,inline,KAFFIR LIME
jamaican,unbranded,0.0,False,0.0,1.0,1.0,1,1,inline,Chefs Art - Jamaican Jerk Seasoning 400 gm
trigger,unbranded,0.0,False,0.0,1.0,1.0,1,1,inline,Spray Bottle with Trigger (750 ML)
sliced,unbranded,0.0,False,0.0,1.0,1.0,3,1,inline,Red Paprika Sliced
skin,unbranded,0.0,False,0.0,1.0,1.0,2,2,inline,Hungritos Permium without Skin On Fries 9Mm
farali,unbranded,0.0,False,0.0,1.0,1.0,2,2,prefix,Farali Sabudana Vada
fine,unbranded,0.0,False,0.0,1.0,1.0,2,2,inline|prefix,Fine Sev
fondant,unbranded,0.0,False,0.0,1.0,1.0,2,1,inline,Brown Sugar Paste Fondant
besan,unbranded,0.0,False,0.0,1.0,1.0,3,2,inline|prefix,BESAN
dried,unbranded,0.0,False,0.0,1.0,1.0,4,4,inline|prefix,Dried figs
crispy,unbranded,0.0,False,0.0,1.0,1.0,4,4,inline|prefix,Crispy Cajun Breading Mix
corrugated,unbranded,0.0,False,0.0,1.0,1.0,2,1,inline|prefix,3 Ply Corrugated Croissant Tray
goat,unbranded,0.0,False,0.0,1.0,1.0,1,0,prefix,Goat Cheese
refined,unbranded,0.0,False,0.0,1.0,1.0,1,0,prefix,Refined Oil
mirch,unbranded,0.0,False,0.0,1.0,1.0,5,4,inline,Kashmiri Mirch Powder
gel,unbranded,0.0,False,0.0,1.0,1.0,2,2,inline,Pink Gel Colour
masoor,unbranded,0.0,False,0.0,1.0,1.0,3,2,inline|prefix,Red Malka (Lal Masoor) Rajdhani
flax,unbranded,0.0,False,0.0,1.0,1.0,1,0,prefix,Flax Seeds Plain
shiitake,unbranded,0.0,False,0.0,1.0,1.0,2,2,inline,Dried Shiitake mushroom 1kg
lager,unbranded,0.0,False,0.0,1.0,1.0,1,1,inline,Corona Lager Beer 330 ml
pages,unbranded,0.0,False,0.0,1.0,1.0,2,2,inline,NOTEBOOK LONG 200 PAGES
pad,unbranded,0.0,False,0.0,1.0,1.0,3,3,inline,Note Pad 3x3
film,unbranded,0.0,False,0.0,1.0,1.0,2,2,inline,Cling Film
wooden,unbranded,0.0,False,0.0,1.0,1.0,5,4,allcaps|inline|prefix,Wooden Cutlery Kit
vinyl,unbranded,0.0,False,0.0,1.0,1.0,2,1,inline|prefix,Vinyl Sticker 2x1.5 Ft
idli,unbranded,0.0,False,0.0,1.0,1.0,1,1,inline,DAILY FRESH MILLETS IDLI AND DOSA BATTER POUCH 1/2KG
tadka,unbranded,0.0,False,0.0,1.0,1.0,2,2,inline,#_# Mustard Seeds Temper/Tadka - Murukku
tape,unbranded,0.0,False,0.0,1.0,1.0,6,4,inline|prefix,CELLO TAPE BIG PLAIN 3 INCH
sambar,unbranded,0.0,False,0.0,1.0,1.0,2,2,inline,MTR Sambar
tomato,unbranded,0.0,False,0.0,1.0,1.0,5,4,inline|prefix,Green Tomato 1kg
boneless,unbranded,0.0,False,0.0,1.0,1.0,2,2,allcaps|inline,CHICKEN THIGH BONELESS (80 - 90 gm)
assorted,unbranded,0.0,False,0.0,1.0,1.0,3,3,inline|prefix,Food Colours Splash 200g Assorted
haldi,unbranded,0.0,False,0.0,1.0,1.0,2,1,inline|prefix,Turmeric (Haldi) Powder Chounk
rasmalai,unbranded,0.0,False,0.0,1.0,1.0,1,0,inline,Sweets Pcs. Rasmalai
book,unbranded,0.0,False,0.0,1.0,1.0,4,4,inline,Note Book 240 Pages
smoothie,unbranded,0.0,False,0.0,1.0,1.0,2,2,inline,GK - Infinite Food - Strawberry Smoothie Premix Powder (58 G x 15 sachet)
laddu,unbranded,0.0,False,0.0,1.0,1.0,3,2,allcaps|inline,MOTICHOOR LADDU 250g
sanitizer,unbranded,0.0,False,0.0,1.0,1.0,2,1,inline,Hand Sanitizer
penne,unbranded,0.0,False,0.0,1.0,1.0,2,2,inline,Agnessi Penne Pasta
garbage,unbranded,0.0,False,0.0,1.0,1.0,7,2,allcaps|prefix,Garbage Bag Black 30 x50
oven,unbranded,0.0,False,0.0,1.0,1.0,2,2,inline,A-005 Grill and Oven Cleaner ACTON
protein,unbranded,0.0,False,0.0,1.0,1.0,2,2,inline,Skimmed Milk Powder (SMP) (Milk Protein - 36 percent)
duster,unbranded,0.0,False,0.0,1.0,1.0,6,4,inline|prefix,DUSTER YELLOW
unsalted,unbranded,0.0,False,0.0,1.0,1.0,1,1,inline,President Butter Unsalted 500gm
poriyal,unbranded,0.0,False,0.0,1.0,1.0,1,1,inline,Carrot Beans Poriyal(ME)-A-BAN
lids,unbranded,0.0,False,0.0,1.0,1.0,2,0,inline,PG-Paper Tub Lids
jeera,unbranded,0.0,False,0.0,1.0,1.0,3,3,inline|prefix,EASTMADE - CUMIN (JEERA) 1 KG
chilled,unbranded,0.0,False,0.0,1.0,1.0,2,2,inline|prefix,Dosa Batter Chilled
crumb,unbranded,0.0,False,0.0,1.0,1.0,2,1,inline,Bread Crumb (Orange)
cashew,unbranded,0.0,False,0.0,1.0,1.0,2,2,inline|prefix,Cashew Half
spray,unbranded,0.0,False,0.0,1.0,1.0,4,4,inline|prefix,Unbranded Spray Gun
peda,unbranded,0.0,False,0.0,1.0,1.0,3,2,allcaps|inline,BANARASI LAL PEDA-200 Gms
aniseed,unbranded,0.0,False,0.0,1.0,1.0,1,1,prefix,Aniseed Whole - Saunf
gherkin,unbranded,0.0,False,0.0,1.0,1.0,2,1,prefix,Gherkin
kalakand,unbranded,0.0,False,0.0,1.0,1.0,1,0,inline,Sweets Milk Kalakand
raw,unbranded,0.0,False,0.0,1.0,1.0,3,3,inline|prefix,Raw Banana- Nos
pistachio,unbranded,0.0,False,0.0,1.0,1.0,3,3,inline,Pesto Pistachio 2.5kg (Mec3-14755)
tandoori,unbranded,0.0,False,0.0,1.0,1.0,5,2,inline|prefix,Tandoori paneer tikka
hummus,unbranded,0.0,False,0.0,1.0,1.0,2,1,inline|prefix,Hummus
storage,unbranded,0.0,False,0.0,1.0,1.0,2,1,inline,Plastic Storage Container 500ml
methi,unbranded,0.0,False,0.0,1.0,1.0,1,1,inline,Kasoori Methi Dry 100GM
ragi,unbranded,0.0,False,0.0,1.0,1.0,1,0,prefix,RAGI WHOLE
ajwain,unbranded,0.0,False,0.0,1.0,1.0,1,0,prefix,Ajwain Whole
bowl,unbranded,0.0,False,0.0,1.0,1.0,3,2,inline,PLASTIC DIP BOWL 50 ML
base,unbranded,0.0,False,0.0,1.0,1.0,3,2,allcaps|inline,Pizza Base 8 inch Whole Wheat Pan Crust (Junos)
moong,unbranded,0.0,False,0.0,1.0,1.0,3,2,inline|prefix,Yellow Moong dal
orange,unbranded,0.0,False,0.0,1.0,1.0,7,7,inline|prefix,#_# FC - Orange Popsicle Ice Cream [70 Ml] - Noto
lemon,unbranded,0.0,False,0.0,1.0,1.0,6,6,inline|prefix,Lemon Ginger Syrup
cardamom,unbranded,0.0,False,0.0,1.0,1.0,1,0,inline,Black Cardamom 250gm
marinated,unbranded,0.0,False,0.0,1.0,1.0,2,2,inline|suffix,Chicken Tikka Marinated
cabbage,unbranded,0.0,False,0.0,1.0,1.0,4,3,inline,Kobij-Cabbage
lychee,unbranded,0.0,False,0.0,1.0,1.0,2,1,inline|prefix,Lychee Juice 1000 Ml
inch,unbranded,0.0,False,0.0,1.0,1.0,7,6,inline,CELLO TAPE BIG PLAIN 3 INCH
brioche,unbranded,0.0,False,0.0,1.0,1.0,1,0,prefix,Brioche Buns 70g D 100mm X H 45mm
pickle,unbranded,0.0,False,0.0,1.0,1.0,5,3,inline|prefix,Mixed Veg Pickle (5 kg)-Snacc
aluminium,unbranded,0.0,False,0.0,1.0,1.0,3,2,prefix,ALUMINIUM CONTAINER LID 750ML
jaggery,unbranded,0.0,False,0.0,1.0,1.0,1,1,inline,Palm Jaggery (per kg)
batter,unbranded,0.0,False,0.0,1.0,1.0,4,3,inline,DAILY FRESH MILLETS IDLI AND DOSA BATTER POUCH 1/2KG
pasta,unbranded,0.0,False,0.0,1.0,1.0,2,2,inline,Agnessi Penne Pasta
peas,unbranded,0.0,False,0.0,1.0,1.0,2,1,inline,Green Peas
zucchini,unbranded,0.0,False,0.0,1.0,1.0,2,1,inline|prefix,Zucchini Yellow (Premium)  incremental 0.5 10033
starch,unbranded,0.0,False,0.0,1.0,1.0,2,2,inline,POTATO STARCH
dosa,unbranded,0.0,False,0.0,1.0,1.0,8,6,inline|prefix,Dosa Masala Retort
oregano,unbranded,0.0,False,0.0,1.0,1.0,3,3,inline|prefix,Oregano Herbs (Seasoning )
coriander,unbranded,0.0,False,0.0,1.0,1.0,2,1,prefix,Coriander Fresh W/O Roots
tomatoes,unbranded,0.0,False,0.0,1.0,1.0,1,1,inline,Sundried Tomatoes in oil
salted,unbranded,0.0,False,0.0,1.0,1.0,2,2,inline,#_# Baked Salted Caramel Cheesecake - Sassy Teaspoon
thigh,unbranded,0.0,False,0.0,1.0,1.0,2,2,allcaps|inline,CHICKEN THIGH BONELESS (80 - 90 gm)
tapioca,unbranded,0.0,False,0.0,1.0,1.0,1,1,prefix,Tapioca Starch 500g pkt
walnut,unbranded,0.0,False,0.0,1.0,1.0,3,2,prefix,WALNUT
olive,unbranded,0.0,False,0.0,1.0,1.0,4,3,inline|prefix,San Marzano - Pomace Olive Oil
acid,unbranded,0.0,False,0.0,1.0,1.0,2,2,inline,Hydrochloric Acid
roasted,unbranded,0.0,False,0.0,1.0,1.0,2,1,prefix,#_# Roasted Chana Dal - Murukku
sparkling,unbranded,0.0,False,0.0,1.0,1.0,1,0,prefix,Sparkling Water
potato,unbranded,0.0,False,0.0,1.0,1.0,3,3,inline|prefix,Windmill Potato starch
brown,unbranded,0.0,False,0.0,1.0,1.0,10,8,inline|prefix,Cocoa powder (Medium Brown) Vanhouten
onion,unbranded,0.0,False,0.0,1.0,1.0,5,4,inline|prefix,Brown Onion
pineapple,unbranded,0.0,False,0.0,1.0,1.0,1,1,inline,Real Pineapple Juice
thick,unbranded,0.0,False,0.0,1.0,1.0,2,2,inline,Plastic Packing Cover Thick   12*16
cut,unbranded,0.0,False,0.0,1.0,1.0,2,1,inline,Chicken Curry Cut
amla,unbranded,0.0,False,0.0,1.0,1.0,3,3,inline|prefix,Dollur Amla Jar
cups,unbranded,0.0,False,0.0,1.0,1.0,2,2,inline,12OZ CLEAR PET CUPS
capsicum,unbranded,0.0,False,0.0,1.0,1.0,2,0,allcaps|inline|prefix,Red Yellow Capsicum Mixed
bags,unbranded,0.0,False,0.0,1.0,1.0,3,3,inline,Flexible Plastic Bags ( 5kg Small Size - Mithai & Namkeen)
fillet,unbranded,0.0,False,0.0,1.0,1.0,2,2,inline,River Sole Fillet
cheesecake,unbranded,0.0,False,0.0,1.0,1.0,5,3,inline,Keto Blueberry Cheesecake Ice Cream - 100 ml RM
mustard,unbranded,0.0,False,0.0,1.0,1.0,6,4,inline|prefix,Active X Mustard Oil 500mL
cherry,unbranded,0.0,False,0.0,1.0,1.0,3,3,inline|prefix,Maraschino Cherry 737 Gms
jackfruit,unbranded,0.0,False,0.0,1.0,1.0,1,1,prefix,Jackfruit Cut (kathal)
cumin,unbranded,0.0,False,0.0,1.0,1.0,4,2,inline|prefix,EASTMADE - CUMIN (JEERA) 1 KG
turmeric,unbranded,0.0,False,0.0,1.0,1.0,2,2,prefix,Turmeric (Haldi) Powder Chounk
raspberry,unbranded,0.0,False,0.0,1.0,1.0,5,3,inline|prefix,Flow Wrap Rolls - Raspberry Duet (60 ml)
beans,unbranded,0.0,False,0.0,1.0,1.0,4,2,inline,Moth / Math Atta - Flour - Moth Beans
cinnamon,unbranded,0.0,False,0.0,1.0,1.0,2,1,prefix,CINNAMON 1 KG
pepper,unbranded,0.0,False,0.0,1.0,1.0,4,3,inline,Cayenne Pepper Powder
gloves,unbranded,0.0,False,0.0,1.0,1.0,4,3,inline|prefix,GLOVES BLUE
garlic,unbranded,0.0,False,0.0,1.0,1.0,2,1,prefix,Garlic Bread Seasoning Powder
mushroom,unbranded,0.0,False,0.0,1.0,1.0,4,4,inline,GFB Mushroom Patty
seasoning,unbranded,0.0,False,0.0,1.0,1.0,6,6,inline,Maggi Seasoning Sauce 680Ml
wheat,unbranded,0.0,False,0.0,1.0,1.0,3,3,inline,Whole Wheat Jumbo Bread
sesame,unbranded,0.0,False,0.0,1.0,1.0,2,0,prefix,Sesame Oil 650 Ml
ginger,unbranded,0.0,False,0.0,1.0,1.0,4,4,inline,Beer Non Alcoholic 330 ml - Coolberg (Ginger Flavour)
