product_title,classification,logprob,confidence
HARPIC,branded,0.0,1.0
BANARASI LAL PEDA-200 Gms,branded,-0.000136,0.9999
"Sakthi - Kulambu Chilli powder, 500gm",branded,0.0,1.0
EASTMADE - CUMIN (JEERA) 1 KG,branded,0.0,1.0
Chicken Curry Cut,unbranded,-0.0,1.0
SABUDANA NYLON,unbranded,-0.000242,0.9998
Tawa Roti (7 inch),unbranded,-2e-06,1.0
Kashmiri Mirch Powder,unbranded,-0.0,1.0
Chana Black,unbranded,-0.0,1.0
ROW - Barcode Lable 50mmX25mm Non Tearable,unbranded,-0.238345,0.7879
Silken Tofu 300g Voila,branded,-1e-06,1.0
Softy Premix Vanilla,unbranded,-0.051642,0.9497
T Shirt Black NM M38,unbranded,-0.151215,0.8597
Papad ( Big),unbranded,-1e-06,1.0
ROOH AFZA,branded,0.0,1.0
Crispy Cajun Breading Mix,unbranded,-0.00875,0.9913
Taski Suma Ultra (L2) 5L Can,branded,0.0,1.0
Eggs,unbranded,-2e-06,1.0
Cutlery Set The Cake Story,branded,-1.3e-05,1.0
Plastic Storage Container 500ml,unbranded,-0.000104,0.9999
Ketchup,unbranded,-0.010545,0.9895
GK-NY Pan Cake Sp Pkg Box 1PKT 100PC GK Dry 137497,branded,-1e-06,1.0
Korean LTO Menu,unbranded,-0.138576,0.8706
Malaysian Noodles ( Flat Noodles ) 1kg,unbranded,-2.8e-05,1.0
Note Pad 3x3,unbranded,-0.001574,0.9984
Sumabrite Degreaser nd Heavy duty cleaner (break up HD),branded,0.0,1.0
Red Malka (Lal Masoor) Rajdhani,branded,0.0,1.0
Silver Pouch 6*8,unbranded,-0.001784,0.9982
AASHIRVAAD - ATTA 10 KG BAG,branded,0.0,1.0
Triplesec,branded,-0.007606,0.9924
Shudh Garhwal - Khoya Pindi 1KG,branded,-2e-06,1.0
#_# Chocolate Fudge Overload (NAS) 500 ml - Frozen Fun,branded,-5.2e-05,0.9999
Prepit Hyderabad Biriyan 1 kg,branded,-0.002362,0.9976
PLASTIC CONTAINER-150ML,unbranded,-0.000496,0.9995
COLOUR CODE DOTT TUES,branded,-0.006928,0.9931
Red Chili Paste 1kg pkt,unbranded,-0.000144,0.9999
Sweetpotato (Kanga),unbranded,-0.0,1.0
STICKERS WVF COLD VARAVRAGE - THINK ORIGINS HAZELNUT COLD FILTER COFFEE FSSAI,branded,-3e-05,1.0
AANCH COVER,branded,-0.000496,0.9995
Dalchini,unbranded,-0.0,1.0
Stone Flower(Dagad Phool),unbranded,-0.0,1.0
Sambal Oelek,branded,-0.174671,0.8397
Tandoori paneer tikka,unbranded,-0.003382,0.9966
Cocoa powder (Medium Brown) Vanhouten,branded,0.0,1.0
Brown Sugar Paste Fondant,unbranded,-2.3e-05,1.0
Butter Pouch 9X12,unbranded,-0.000374,0.9996
"Carrots/Gajar, incremental 0.5 10335",unbranded,-1e-06,1.0
Good Night Machine,branded,-0.000149,0.9999
Biryani Handi 750 GM,unbranded,-0.03164,0.9689
Green Tomato 1kg,unbranded,-0.0,1.0
#_# Container lid - PMK Round Paper 500 ML Plastic - Prasuma,branded,-1.1e-05,1.0
Envelope,unbranded,-0.000249,0.9998
MF White Compound CO W33,branded,-9.3e-05,0.9999
Kobij-Cabbage,unbranded,-1e-06,1.0
Garbage Bag Black 30 x50,unbranded,-7e-06,1.0
#_# FC - Orange Popsicle Ice Cream [70 Ml] - Noto,branded,0.0,1.0
Malas strawberry crush 750ml,branded,0.0,1.0
Kit Kat,branded,0.0,1.0
Beer Non Alcoholic 330 ml - Coolberg (Ginger Flavour),branded,0.0,1.0
Perrier Water 330mL,branded,0.0,1.0
DIGESTIVE BISCUITS,unbranded,-0.004409,0.9956
SS Mould Round Cutter - 12pcs,unbranded,-0.309084,0.7341
TASKI R3,branded,0.0,1.0
Dollur Amla Jar,branded,0.0,1.0
#_# Asafoetida / Hing - murukku,unbranded,-0.01352,0.9866
3 EASTMADE - BLACK PAPER WHOLE (KALI MIRCH),branded,-0.0,1.0
Malai Paneer Soft Loose,unbranded,-0.0,1.0
Momo Steamer,unbranded,-8e-06,1.0
Dust Pan  Supli,unbranded,-0.022194,0.9781
Dosa Masala Retort,unbranded,-0.040446,0.9604
Potassium Sorbate,unbranded,-0.000301,0.9997
PLASTIC CONTAINER 750ML,unbranded,-1e-06,1.0
Amla Sabut Herble,unbranded,-0.00014,0.9999
Ro 48,branded,-0.069938,0.9325
CUMIN WHOLE (JEERA),unbranded,-0.0,1.0
Green peas,unbranded,-0.0,1.0
3CP PLATE,branded,-0.669985,0.5117
Maida Flour Premium (per kg),unbranded,-0.0,1.0
VKL PERI PERI MARINADE,branded,0.0,1.0
Red Fondant,unbranded,-0.000265,0.9997
Radish White,unbranded,-0.0,1.0
SUMA TAB CHLORINE,branded,-0.000161,0.9998
PUMPKIN SEEDS (1Kg Pkt),unbranded,-0.0,1.0
Zucchini Yellow (Premium)  incremental 0.5 10033,unbranded,-0.0,1.0
GARBAGE COVER SMALL 17x19 - 51 MM,unbranded,-7e-06,1.0
Dhania Pudina Chutney-SNACC,branded,-0.000161,0.9998
MDH Chana Masala,branded,0.0,1.0
Brown Onion,unbranded,-0.0,1.0
Lettuce Patta,unbranded,0.0,1.0
Butter Murkku,unbranded,-2e-06,1.0
Wooden Cutlery Kit,unbranded,-2.4e-05,1.0
#_# Caramelo Banditos Sticker - Cookie Cartel,branded,-4e-06,1.0
Biryani small Box (Serve -1),unbranded,-1.7e-05,1.0
Flexible Plastic Bags ( 5kg Small Size - Mithai & Namkeen),unbranded,-2.6e-05,1.0
SS  NOODAL CHANNI,unbranded,-0.054883,0.9466
STICKER SHEEK KABAB,unbranded,-0.009909,0.9901
Sticker Veg 750 ml Container,branded,-0.603786,0.5467
Cling Film,unbranded,-0.00048,0.9995
Kale,unbranded,-0.0,1.0
#_# BC - Aam Ice Cream [300ML] - BICO,branded,-2e-05,1.0
340 MM BOPP ROLL,unbranded,-0.002554,0.9974
3 Ply Corrugated Croissant Tray,unbranded,-4e-06,1.0
Kundru,unbranded,-1e-06,1.0
Unbranded Spray Gun,unbranded,-0.000792,0.9992
Sparkling Water,unbranded,-0.001117,0.9989
Griffith Hot Chilli Marinade,branded,0.0,1.0
Kung Pao Sauce 335 G,branded,-0.535971,0.5851
Plastic Packing Theli (PP),unbranded,-1e-06,1.0
Teqila Blanco Don Angel 750 Ml,branded,0.0,1.0
EVD DAIRY WHITENER 1 KG,branded,-0.235052,0.7905
Red Paprika Sliced,unbranded,-2e-06,1.0
#_# Big Blue Box - Sweetish,branded,-0.002186,0.9978
19 KG Commercial Cylinder,unbranded,-0.003832,0.9962
Message Card,unbranded,-0.000291,0.9997
VIKRAM - CHAKKI ATTA 30 KG,branded,-0.0,1.0
Kashmiri Chili,unbranded,-0.0,1.0
Infinite - Eggless Choco Lava Cake Premix 1 Kg Ambient 148873,branded,0.0,1.0
Texmex cheese sauce,branded,-0.235051,0.7905
Fried Mirchi retort,unbranded,-0.001049,0.999
Dried figs,unbranded,-0.0,1.0
WOODEN SPOON 160MM (100 Pcs),unbranded,-3.5e-05,1.0
UH ZUCCHINI GREENSMALL DICE1 KG / BAG,unbranded,-0.050092,0.9511
#_# SIERRA 72% Dark Chocolate Bar - Ether,branded,0.0,1.0
Butter Scotch DF Bite,unbranded,-0.326086,0.7217
GLOVES BLUE,unbranded,-0.000927,0.9991
Milk Compound Slab M21,unbranded,-0.090279,0.9137
Quinoa 1kg,unbranded,-0.0,1.0
A-005 Grill and Oven Cleaner ACTON,branded,0.0,1.0
Flow Wrap Rolls - Raspberry Duet (60 ml),branded,-0.219184,0.8032
Garbage Bag 30x50 Kg,unbranded,-1.9e-05,1.0
Dry Amla-Dry Gooseberry,unbranded,-0.0,1.0
Real Pineapple Juice,branded,0.0,1.0
PG-Paper Tub Lids,branded,-0.031641,0.9689
Cambro Polycarbonate GN Pan 1/2 200mm,branded,0.0,1.0
Mangoes (Sindhura) X1KG,unbranded,-0.0,1.0
Premix Egg Free Chocolate Make: pillsbury,branded,0.0,1.0
Masoor Whole,unbranded,-0.0,1.0
Jau / Ghat,unbranded,-0.0,1.0
PASSION FRUIT SYRUP(1 LTR) Foodoo,branded,0.0,1.0
Soda 750ml- @ 18%,unbranded,-0.00155,0.9985
Blue Berry 250Gs,unbranded,-1e-06,1.0
Active X Mustard Oil 500mL,branded,0.0,1.0
PRINTER ROLL,unbranded,-6e-06,1.0
#_# Frozen OG Chocolate Chip Chonker - Chonkers,branded,-1e-05,1.0
Burata Cheese 250 Grm,unbranded,-0.004409,0.9956
Mother Dairy milk,branded,0.0,1.0
CELLO TAPE BIG PLAIN 3 INCH,branded,-0.184954,0.8311
Corn Flour,unbranded,-1e-06,1.0
Sweets Milk Kalakand,unbranded,-2e-06,1.0
#_# Greeting Card - Sassy Teaspoon,branded,-7.5e-05,0.9999
Kcco Tray Big ,branded,-0.1903,0.8267
SPRITE 250ML,branded,0.0,1.0
KESAR,unbranded,-0.367245,0.6926
CARRY BAG 500GM,unbranded,-7e-06,1.0
HARPIC LIQUID,branded,0.0,1.0
#_# The Godfather (Reeses peanut butter cup) Cookie Dough - Cookie Cartel,branded,-0.0,1.0
DRY ICE,unbranded,-1.8e-05,1.0
#_# PMK Veg Hakka Noodles 250gm - Prasuma,branded,0.0,1.0
Gud,unbranded,-1e-06,1.0
#_# French Vanilla (100 ml) - Go Zero,branded,0.0,1.0
#_# Classic Vanilla Minis Sugar Free Ice cream [09 pieces] - Noto,branded,0.0,1.0
PLASTIC DIP BOWL 50 ML,unbranded,-4e-06,1.0
SS GN PAN 1/3 100 MM,unbranded,-0.21311,0.8081
White Envelope Cover,unbranded,-1e-06,1.0
Leeks,unbranded,-0.0,1.0
NATURESMITH PAPRIKA POWDER 60GM,branded,0.0,1.0
FRENCH FRIES,unbranded,-0.001702,0.9983
Poly Veg logo1500&#215;23,unbranded,-0.210134,0.8105
BESAN,unbranded,-0.0,1.0
Hand Sanitizer,unbranded,-0.025111,0.9752
Cutlery Basket,unbranded,-5.2e-05,0.9999
PAPER CUP ( TEA WATER ETC),unbranded,-0.0,1.0
NOTEBOOK LONG 200 PAGES,unbranded,-0.000114,0.9999
Rice Dosa (Ponni),unbranded,-2e-06,1.0
#_# Kesar Peda 500gms - Genda Phool,branded,-0.000756,0.9992
XO Sauce Sticker,branded,-0.101707,0.9033
Dry Fruits Pista Whole,unbranded,-0.0,1.0
Bru Coffee 500g,branded,0.0,1.0
Hummus,unbranded,-1.2e-05,1.0
Lotus Flour,unbranded,-0.348449,0.7058
San Marzano - Pomace Olive Oil,branded,-1e-05,1.0
BREAD COVER 2,unbranded,-0.013731,0.9864
Nestle Milk Powder 1KG,branded,0.0,1.0
Cassata - 125ml,branded,-0.662386,0.5156
UH GREEN CAPSICUMWHOLE CLEANEDCRATE,unbranded,-0.000617,0.9994
Classic Ice Burst 10 Nos,branded,-0.013731,0.9864
Mustard Seed,unbranded,-0.0,1.0
Roll Sleeve Red,unbranded,-0.054882,0.9466
Cookies Caramel 6kg ( Mec3-14772),branded,-2.7e-05,1.0
River Sole Fillet,unbranded,-1e-06,1.0
HOLLO MAT3125*5,branded,-1.5e-05,1.0
Cotton BBK Apron,branded,-0.555689,0.5737
CC CONTAINER - 375ML,branded,-0.6326,0.5312
Adrak / Ginger,unbranded,0.0,1.0
#_# Stapler,unbranded,-0.589743,0.5545
Curry Patta,unbranded,-0.0,1.0
Termocool morded box,branded,-0.003832,0.9962
#_# Cacao Crispy - Ether,branded,-1e-06,1.0
Cake Saver,unbranded,-0.002363,0.9976
Milk ( Full Cream ),unbranded,-1e-06,1.0
Hair Net,unbranded,-9e-05,0.9999
Almond biscotti (1pcs),unbranded,-3.4e-05,1.0
Dark Chocolate Paste-NAS,branded,-8.2e-05,0.9999
DAL MAKHANI STICKERS,unbranded,-0.2318,0.7931
Mini Button Bhakarwadi,unbranded,-0.007725,0.9923
Thai Jasmine Rice 2kg pkt MBK,branded,-0.162554,0.85
Plastic Packing Cover Thick   12*16,unbranded,-1e-06,1.0
Keto Blueberry Cheesecake Ice Cream - 100 ml RM,unbranded,-0.11968,0.8872
Pesto Pistachio 2.5kg (Mec3-14755),branded,0.0,1.0
MAKKI ATTA,unbranded,-1e-06,1.0
Chest Freezer Capacity - 500 Ltr - 1060*700*840,unbranded,-0.003544,0.9965
Coke 750 Ml,branded,0.0,1.0
Gherkin,unbranded,-6e-06,1.0
Cayenne Pepper Powder,unbranded,-0.0,1.0
Palak - Spinach,unbranded,-0.0,1.0
GLUTEN NB 0121,unbranded,-0.549056,0.5775
Red Raddish,unbranded,-0.0,1.0
200m Tie,unbranded,-0.000636,0.9994
SAMSEER MARK,branded,-9.2e-05,0.9999
Paper Cup 350ml (10'' Oz) FLYP,branded,-3.7e-05,1.0
N_4  Pet Jar Lid,unbranded,-0.07889,0.9241
Farali Sabudana Vada,unbranded,-0.00018,0.9998
Possmei Taro Powder Premix 1kg pkt,branded,0.0,1.0
EGGFREE TEA TIME VANILLA MUFFIN,unbranded,-0.000363,0.9996
Noodle ( Thin Vala ),unbranded,-0.0,1.0
Hand Wash 5 Ltr Can,unbranded,-7e-05,0.9999
Windmill Potato starch,branded,-0.000488,0.9995
CURRY PATTA,unbranded,-0.0,1.0
#_# Mango Kulfi 300gm - Parsi Dairy Farm,branded,0.0,1.0
Camino Real Gold 750Ml,branded,0.0,1.0
Coriander Fresh W/O Roots,unbranded,-0.0,1.0
Sweets Milk White Peda,unbranded,0.0,1.0
Whole Wheat Jumbo Bread,unbranded,-5.2e-05,0.9999
#_# Pista Kulfi Stick (70 ml) - Go Zero,branded,0.0,1.0
Silver Pouch 6*8 (100PC),unbranded,-0.004842,0.9952
#_# Rocky Road Ice-cream Tub (100ml) - Meemees,branded,0.0,1.0
Fruit Cocktail Tin,unbranded,-0.025898,0.9744
Sesame Oil 650 Ml,unbranded,-1.4e-05,1.0
Hand Rub,unbranded,-0.000589,0.9994
Dark Compound Co D15 500Gms,branded,-0.510512,0.6002
500 ml rectangle box,unbranded,-2e-06,1.0
Chocolate Ice-cream,unbranded,-4e-05,1.0
Hydrochloric Acid,unbranded,-1.7e-05,1.0
Artichoke Tin 390 Grms,unbranded,-0.036892,0.9638
DRY COCONUT,unbranded,-0.0,1.0
WHITE PITA BREAD 4 PC PACK,unbranded,-0.061968,0.9399
Turmeric (Haldi) Powder Chounk,unbranded,-0.001929,0.9981
#_# Sugar Free Chocolate Hazelnut Ice Cream Tub (125 ml) - Bina,branded,-0.001812,0.9982
Scotch Brite - Rubber Kitchen Gloves,branded,0.0,1.0
Dark Couverture 54%,unbranded,-0.025111,0.9752
SCOTCH BRITE  JUNA,branded,0.0,1.0
Thai Jasmine rice ,unbranded,-2e-06,1.0
Biscoff Biscuit Lotus,branded,0.0,1.0
CINNAMON 1 KG,unbranded,-0.0,1.0
President Butter Unsalted 500gm,branded,0.0,1.0
Milk,unbranded,-2.1e-05,1.0
Olive Oil (Regular /Pomace ),unbranded,-1e-06,1.0
MRD Stickers,branded,-0.001503,0.9985
Milk Chocochip,unbranded,-0.000756,0.9992
Lemon Ginger Syrup,unbranded,-1e-06,1.0
Urinal Pad,unbranded,-0.001959,0.998
Bombay pao,unbranded,-9.2e-05,0.9999
Heeng Papdi 200g,unbranded,-0.002151,0.9979
Taski R5 5ltr,branded,0.0,1.0
DAILY FRESH MILLETS IDLI AND DOSA BATTER POUCH 1/2KG,unbranded,-0.258974,0.7718
Staff Mustard Whole,branded,-0.002186,0.9978
MANGO PUREE,unbranded,-3e-06,1.0
Magaj Big,unbranded,-0.023977,0.9763
Garbage Bag Big 30X50 Virgin,unbranded,-0.001729,0.9983
PAPER COVER BROWN - PAPAD,unbranded,-0.000607,0.9994
Red Yellow Capsicum Mixed,unbranded,-0.0,1.0
Cake Box (7*7*4),unbranded,-1.8e-05,1.0
Kabuli Channa,unbranded,-0.0,1.0
Tahina Paste,unbranded,-1.9e-05,1.0
Lobo - 5 Spice Powder 65 gm 51547,branded,0.0,1.0
Sticker Mutton Haleem,unbranded,-0.309085,0.7341
Plastic Oven Bowl 2200 ml,unbranded,-0.005316,0.9947
Raw Banana- Nos,unbranded,-0.0,1.0
Disposal Cap (Pkt),unbranded,-2.4e-05,1.0
InWard Register,unbranded,-0.00308,0.9969
Potato Flakes 1kg pkt,unbranded,-0.002185,0.9978
DESERT SPOON 12GTIDY,unbranded,-0.313263,0.7311
Maggi Seasoning Sauce 680Ml,branded,0.0,1.0
Green Chillies,unbranded,-0.0,1.0
Pizza Base 8 inch Whole Wheat Pan Crust (Junos),branded,-0.0,1.0
Topper,branded,-0.002188,0.9978
Staff Subji,branded,-0.498136,0.6077
Brinjal   Black,unbranded,-1e-06,1.0
#_# Griselda's Red Velvet Sticker (Eggless) - Cookie Cartel,branded,0.0,1.0
Canteen Tea Cup (130ML),unbranded,-0.001049,0.999
Pokchay,unbranded,-0.348448,0.7058
CHICKEN LEG RAW,unbranded,-0.0,1.0
#_# Sakura Blossom Gateaux (125 Gms) - Ether,branded,0.0,1.0
TL Slicer Cutter,branded,-0.08762,0.9161
Fine Sev,unbranded,-1.1e-05,1.0
R.O Water Bottles (20 Ltrs),unbranded,-2e-05,1.0
#_# XYLITOL Chocolate Hazelnut Icecream (600ML) - Bina,branded,-7.3e-05,0.9999
J and B Rare,branded,0.0,1.0
Chlorin Liquid,unbranded,-0.02289,0.9774
Golden Dust,branded,-0.417918,0.6584
#_# Slide Tru Hamper Box OF 4 Outer - The Tiny Tub,branded,-1.7e-05,1.0
Moth / Math Atta - Flour - Moth Beans,unbranded,-9e-06,1.0
Fork PLA 160 mm,unbranded,-0.01194,0.9881
Hot Dog Bun 55g L 160mm X W 55mm,unbranded,-0.000136,0.9999
Ajinomato,branded,-0.18761,0.8289
Cumin Seeds,unbranded,-0.0,1.0
PAPAYA,unbranded,0.0,1.0
Frozen Fruit Raspberry,unbranded,-0.00014,0.9999
Bed Sheet,unbranded,-7e-06,1.0
Twinings strawberry green tea,branded,0.0,1.0
CHICKEN KEEMA FOR SEEKH,unbranded,-0.0,1.0
Fryola Oil,branded,-0.0,1.0
Madhusudan Butter,branded,0.0,1.0
Gulab Jamun (Wyn),branded,-0.004208,0.9958
Sweets Pcs. Rasmalai,unbranded,-3e-06,1.0
RED PAPRIKA SLICED -840 GM,unbranded,-0.023975,0.9763
#_# Soaked Chia - The Whole Truth,branded,0.0,1.0
Soda Water Kinley 750 ml,branded,0.0,1.0
#_# Tango Mango - Anando,branded,-3e-06,1.0
Fresh Milk (Full Cream),unbranded,-2e-06,1.0
Food Colours Splash 200g Assorted,branded,-0.480005,0.6188
Milkhana Melted Cheese,branded,-3e-06,1.0
#_# Sticker - Sauce Dip Sticker Crunchy Chilli Oil - Prasuma,branded,0.0,1.0
POTATO STARCH,unbranded,-1e-06,1.0
MAPRO BLACK CURRANT 1 LTR,branded,0.0,1.0
CELLOFIN PAPER,branded,-1e-06,1.0
Paper Cup Holder,unbranded,-1e-05,1.0
BARDINET BRANDY 1000 ML,branded,0.0,1.0
#_# Tender Coconut Litchi Ice Pop - Getaway,branded,-0.002053,0.9979
Number Candles,unbranded,-4.8e-05,1.0
Papaya,unbranded,0.0,1.0
Mixed Veg Pickle (5 kg)-Snacc,branded,-0.0,1.0
Cooking White Wine 750ml,unbranded,-0.007847,0.9922
SPINCACH,unbranded,-4e-06,1.0
Cake Base 5.5x5.5 Plain,unbranded,-2.3e-05,1.0
Oregano Herbs (Seasoning ),unbranded,-3e-06,1.0
Yellow Moong dal,unbranded,-0.0,1.0
Soda Kinley,branded,0.0,1.0
Tandoori Masala Powder,unbranded,-1e-06,1.0
PAPER COVER BROWN -S - CHUTNEY,unbranded,-1.6e-05,1.0
#_# Mango Biscoff Tub - Sassy Teaspoon,branded,0.0,1.0
KALI MASOOR,unbranded,-0.0,1.0
#_# Plain Milk Chocolate Bar 41% [65 g] - Entisi Chocolatier,branded,0.0,1.0
Orange Juice 1 Lltr,unbranded,-8.4e-05,0.9999
SCOTCH BRITE - SOFT SPONGE,branded,0.0,1.0
Pickle Mixed 5Kgs Jar,unbranded,-5e-05,1.0
Vinyl Sticker 2x1.5 Ft,unbranded,-1.8e-05,1.0
Veggie Pizza Pocket,unbranded,-0.11793,0.8888
Soyabeen Chunks-Soya Chunks,unbranded,-8e-06,1.0
Pickle Sachet,unbranded,-0.040446,0.9604
#_# Sugar Free Coffee Almond Ice Cream Tub (125 ml) - Bina,branded,-9e-06,1.0
COOK POT SS WITH LID 36*20  20LTR,unbranded,-0.00083,0.9992
PERFECT NO-BAKE CHEESECAKE MIX (1KG),unbranded,-0.417916,0.6584
HAMDARD ROOHAFZA 750ML,branded,0.0,1.0
Chef Coat S36  Black Half Sleeve,unbranded,-0.450938,0.637
Fruit Filling Mango Delta,branded,-0.049335,0.9519
Chocolate Sprinkle,unbranded,-4.1e-05,1.0
250ML Tea Pouch with Box,unbranded,-0.003832,0.9962
Fresh Cream - 250ml,unbranded,-0.003544,0.9965
Garlic Bread Seasoning Powder,unbranded,-1.8e-05,1.0
Aroma Diffuser Liquid,unbranded,-0.000411,0.9996
Hot dog 7 inch with seeds,unbranded,-6.9e-05,0.9999
WF - 350 ml Bowl,unbranded,-0.195785,0.8222
#_# Blueberry Greek Yogurt Minis Guilt Free Ice Cream [09 pieces] - Noto,branded,0.0,1.0
Lychee Juice 1000 Ml,unbranded,-0.020542,0.9797
#_# The Berry Good Bar 72% [Chocolate Bar] - La Folie,branded,0.0,1.0
Phool Makana,unbranded,-0.0,1.0
GK-Morde - Hazelnut Chocopaste 1 Kg 140027,branded,0.0,1.0
Pesto Hummus 95gm,unbranded,-0.11968,0.8872
12OZ CLEAR PET CUPS,unbranded,-0.00031,0.9997
NON-VEG BURGER BUN (1x4),unbranded,-0.00013,0.9999
Chef's Art - Crispy Cajun Breading Mix 1 Kg H51176,branded,0.0,1.0
Skimmed Milk Powder (SMP) (Milk Protein - 36 percent),unbranded,-6e-06,1.0
Brioche Buns 70g D 100mm X H 45mm,unbranded,-0.000341,0.9997
#_# Mustard Seeds Temper/Tadka - Murukku,unbranded,-0.00139,0.9986
Maraschino Cherry 737 Gms,unbranded,-0.006212,0.9938
Jeera Whole Grade 1,unbranded,-0.0,1.0
Goodlife Milk 1ltr pkt Nandini,branded,0.0,1.0
Unbranded Wooden Spoon- 100pcs,unbranded,-5e-06,1.0
Fortune Aata,branded,0.0,1.0
Sargvo-Drumsticks,branded,-0.04107,0.9598
Delmonte - Eggless Mayo,branded,0.0,1.0
preethi xpro Duo mg-198 1300w,branded,0.0,1.0
Chonak,unbranded,-1e-06,1.0
Corn Flour Weikfield,branded,0.0,1.0
Thondaika,unbranded,-0.006511,0.9935
Tea Powder   Red Label 1kg pkt,branded,0.0,1.0
CHUNDAKKAI VATHAL,unbranded,-4e-06,1.0
Fees for plumber,unbranded,-5.1e-05,0.9999
Mother's Day Double Chocolate Brownie box - Blinkit / Instamart,branded,-0.054882,0.9466
Sharpner,unbranded,-0.011221,0.9888
Plastic Ch. Mat,unbranded,-0.000266,0.9997
Oat Milk AltCo. 200 ml,branded,0.0,1.0
Sauce-Schezwan,unbranded,-9.2e-05,0.9999
Tapioca Starch 500g pkt,unbranded,-9e-06,1.0
Cremica Chef Choice Mayo ,branded,0.0,1.0
#_# Box of 20 Assorted Ganaches - La Folie,branded,0.0,1.0
Red Cherry with Stem 850g Tin,unbranded,-0.093016,0.9112
Cashewnuts,unbranded,-0.0,1.0
GK-Miami Waffle Pizza Pkg Box 1PKT 100PC GK Dry 137504,branded,-4.5e-05,1.0
Black Container 1000 ml with partition Lid,unbranded,-0.000544,0.9995
Cheddar White Wyke 2.5 Kg,branded,-1e-06,1.0
Boba Lychee can,branded,-0.023607,0.9767
SAUCE MAYONNAISE,unbranded,-1.6e-05,1.0
Stainless Steel Scrub,unbranded,-5e-06,1.0
Coconut milk powder maggi,branded,0.0,1.0
Malas Orange Crush 750ml,branded,0.0,1.0
Citric Acid Monohydrate 500 GM,unbranded,-0.000231,0.9998
Ajinomoto (Golden Crown),branded,0.0,1.0
Chocolate Hamper 812,branded,-0.004208,0.9958
Basa Fish,unbranded,-1e-06,1.0
#_# Hamper Box Of 2 Outer  - The Tiny Tub,branded,-0.000667,0.9993
Hoegaarden Belgian Blanche ,branded,0.0,1.0
Water Bottle Mrp 70,unbranded,-0.25543,0.7746
#_# Double Cocoa Protien Bar - The Whole Truth,branded,0.0,1.0
Cinnamon Stick Dalchini,unbranded,-0.0,1.0
DUSTER YELLOW,unbranded,-0.164913,0.848
#_# Guava Pop (70 ML) - Noto,branded,0.0,1.0
CHICKEN FRY MIXTURE (CF1),unbranded,-0.15566,0.8559
Chicken Broth Powder Knorr,branded,0.0,1.0
Kashmir Chili Whole,unbranded,-0.0,1.0
Sprite 300 ml,branded,0.0,1.0
Papaya Green,unbranded,-1e-06,1.0
Tata Agni Dust Tea 1 kg,branded,0.0,1.0
Plastic Container (Round) - 250 ml,unbranded,-2.7e-05,1.0
Urad Wash,unbranded,-1e-06,1.0
Cmc Powder,unbranded,-0.00222,0.9978
Cashewnut -2 pcs,unbranded,-0.0,1.0
Tom Kha Paste 1kg pkt,branded,-0.423281,0.6549
#_# Double Chocolate Chip Cookie Premix - 8 pcs - Sweetish,branded,-6e-06,1.0
Mango Juice 1000 Ml,unbranded,-0.012904,0.9872
SOUR DOUGH BREAD,unbranded,-1.4e-05,1.0
95 Die lid,branded,-0.596735,0.5506
CHAT PLATE 6 INCH,unbranded,-3e-06,1.0
Frozen Sea Bass Fillets,unbranded,-5.2e-05,0.9999
Dosa Rice,unbranded,-0.0,1.0
Amul Cheese Spread 200 Gm,branded,0.0,1.0
Rice Flat Noodle 10mm   500g pkt   How How,branded,-0.0,1.0
Yellow Color,unbranded,-0.001703,0.9983
Spinach,unbranded,-0.0,1.0
Crispy Chicken Wings- Drums+Flats,unbranded,-1e-06,1.0
DISPOSIBLE GLOVES,unbranded,-2e-06,1.0
Pillar,branded,-0.504306,0.6039
Mixed Pickle 1 Kg,unbranded,-3.7e-05,1.0
Chicken Tikka Marinated,unbranded,-1e-06,1.0
MOONG DHULI DAL,unbranded,-0.0,1.0
A4 SIZE PAPER,unbranded,-7.3e-05,0.9999
Shresth Gold Milk 500 Ml,branded,0.0,1.0
Floor Broom- Kharata,unbranded,-0.000678,0.9993
MDH - White Pepper Powder 100 gm 30291,branded,0.0,1.0
Tomato ( For Gravy ),unbranded,-0.0,1.0
Party Popper 40 CM,unbranded,-0.005234,0.9948
Coffee essence,unbranded,-6.4e-05,0.9999
Dosa Batter Chilled,unbranded,-0.000158,0.9998
Floor Cleaner 5 Ltr,unbranded,-0.000911,0.9991
Wonder Wipes,branded,0.0,1.0
Butter Paper - Cassata (r=73mm),unbranded,-0.001676,0.9983
Black Fungus ,unbranded,-1e-06,1.0
Unbranded Black Pepper Whole 250gm,unbranded,0.0,1.0
100 Pipers. 750Ml,branded,0.0,1.0
Cashew Half,unbranded,-0.0,1.0
Manchurian Balls 500 Gms,unbranded,-9.3e-05,0.9999
Valencia Orange,unbranded,-0.0,1.0
kikkoman Soya Sauce,branded,0.0,1.0
MILK,unbranded,-0.0,1.0
Iceberg,branded,-0.492044,0.6114
Truffle Paste (500gm Pack),unbranded,-0.000417,0.9996
Elastic thread round black 1.1 MM,unbranded,-3e-06,1.0
Javitri (Mace),unbranded,-1e-06,1.0
Coke Can 300 Ml,branded,0.0,1.0
Date Label Sticker,unbranded,-7.4e-05,0.9999
Gas Lighter,unbranded,-0.000171,0.9998
#_# Hazelnut Mousse Cake [500 gms] [Gluten Free] - Sassy Teaspoon,branded,0.0,1.0
Duster,unbranded,-0.006025,0.994
Rose Loose,unbranded,-0.0,1.0
GTC Pizza Box 9x9,branded,-0.005073,0.9949
CHICKEN THIGH BONELESS (80 - 90 gm),unbranded,-0.0,1.0
RED LABEL TEA (1 KG),branded,0.0,1.0
Biryani Box Printed Round with Lid (1250 gm),unbranded,-0.019916,0.9803
Thai Chilli Paste,unbranded,-1.2e-05,1.0
Almond Croissant Sticker (TH),branded,-0.618071,0.539
BASMATI BIRYANI RICE,unbranded,-1e-06,1.0
Orange/Malta,unbranded,-0.0,1.0
Multi Fold Tissue,unbranded,-8.9e-05,0.9999
Oyester Sauce- non veg,unbranded,-0.582811,0.5583
Coconut Water,unbranded,-0.0,1.0
Nihari Masala  (Shan),branded,0.0,1.0
Sundried Tomatoes in oil,unbranded,-0.012127,0.9879
Pili mirch powder / yellow chilli powder,unbranded,-0.0,1.0
Nihari Masala,unbranded,-0.052435,0.9489
Cantener Half,branded,-0.357744,0.6993
Chicken PCP (Bone),unbranded,-0.000115,0.9999
Cotton Dusters 21cm X 21cm,unbranded,-3.7e-05,1.0
PAPER CARRY BAG,unbranded,-0.0,1.0
Butter Paper 15*15,unbranded,-2e-05,1.0
Wrapper Yellow (12x12) for FLYP,branded,-0.010546,0.9895
Wonder Wipe (3pc),branded,0.0,1.0
Nam Shop Sticker   Prawn Crackers Large,unbranded,-0.269864,0.7635
SS GN PAN LID 1/6,unbranded,-0.149037,0.8615
IDLY POWDER,unbranded,-7e-06,1.0
RASPBERRY IQF FROZEN,unbranded,-0.000116,0.9999
CAPSICUM - Green,unbranded,-0.0,1.0
Ciclo Printed Cake Box 2Pc,branded,-4e-06,1.0
Plastic Film Pouch 7*10 80 Mic,unbranded,-5e-06,1.0
Chefs Art - Jamaican Jerk Seasoning 400 gm,branded,0.0,1.0
RICE ADA,unbranded,-1.9e-05,1.0
Chops,unbranded,-3e-05,1.0
Ice Tea Bottle - 250ml,unbranded,-0.055723,0.9458
JK Copier A4 Paper,branded,0.0,1.0
Tea flask - 250 ML -Outer coorugated Box-Snacc,branded,-0.177192,0.8376
Tikona Paratha,unbranded,-0.343875,0.709
CHOCOLATE GANACHE (500GM),unbranded,-1e-06,1.0
Blue Pine Artesian Water - 750 ML - GST @18 %,branded,0.0,1.0
Green Peas,unbranded,-0.0,1.0
Non Veg Spring Rolls -SNACC,branded,-5e-06,1.0
MUTTON BRAIN 1PCS,unbranded,-0.0,1.0
Mapro Strawberry  Berry Crush-5 Ltr,branded,0.0,1.0
ALUMINIUM CONTAINER LID 750ML,unbranded,-4e-06,1.0
Blueberry Cheesecake Jar,unbranded,-0.000374,0.9996
Sauce Chilli Green Tops,branded,-0.000189,0.9998
SOYA CHAAP STUFFED SF,unbranded,-0.059213,0.9425
Dry Ice,unbranded,-1.6e-05,1.0
Sugar (Chini),unbranded,-0.0,1.0
SLEEVES 750 ML BAGASSE CATERSPOINT,branded,-0.109535,0.8963
Gold Bark (Leaf),branded,-0.386872,0.6792
SANDWICH BOX,unbranded,-0.005154,0.9949
Amrut fusion single malt whisky 750 ml,branded,0.0,1.0
TL Hitachi UX Makeup 800ml,branded,0.0,1.0
TG-Party Snacks 35G Pouch,branded,-2.7e-05,1.0
Monin Peach flavour,branded,0.0,1.0
GARBAGE BAG GREEN,unbranded,-4.7e-05,1.0
GREEN CHILLI,unbranded,-0.0,1.0
PAPER NAPKIN - 12CM X12 CM - PLAIN - LOCAL - PKT,unbranded,-0.0,1.0
Note Book 240 Pages,unbranded,-0.00071,0.9993
GFB Mushroom Patty,branded,-0.0,1.0
ATTA GANGA,branded,-0.006612,0.9934
MINERAL WATER BOTTLE 1 LIT SF,unbranded,-0.003489,0.9965
KAFFIR LIME,unbranded,-0.0,1.0
#_# COCO 40% Dark Chocolate - Ether,branded,0.0,1.0
White Pepper MDH 100 Gms,branded,0.0,1.0
#_# Lotus Biscoff Icecream (125ML) - Bina,branded,-0.0,1.0
Water Chestnut In Water 567G,unbranded,-0.018433,0.9817
ROSE MARY,unbranded,-0.001526,0.9985
SUGAR SACHET - 5GMS,unbranded,-7e-06,1.0
#_# Baked Oregano Cheese Matthi - Genda Phool,branded,-2.3e-05,1.0
STICKER SALAD,unbranded,-0.088941,0.9149
Kesari Color,unbranded,-0.003081,0.9969
1200 ML ROUND CONTAINER,unbranded,-0.00797,0.9921
MILK AMUL TETRA PACK,branded,0.0,1.0
Baked Beans 415 Gm,unbranded,-0.046413,0.9546
Paper Straw,unbranded,-1e-06,1.0
Lemon Grass (Green),unbranded,-0.0,1.0
SOYABEEN RAW,unbranded,-0.0,1.0
Chicken wings Coated ( ITC ),branded,0.0,1.0
#_# Mysore Chutney Frozen - Murukku,branded,-0.116204,0.8903
Vanaspati 1kg pkt,unbranded,-6e-06,1.0
Green Grapes,unbranded,-0.0,1.0
Bayleaf Chounk,unbranded,-0.000114,0.9999
Breakfast Sugar Trust 1 Kg,branded,-0.00797,0.9921
JALI MAT 10MM HEAVY,unbranded,-0.000792,0.9992
Breakfast Sugar 1Kg,unbranded,-0.0,1.0
Paper Straws 6mm (100PC),unbranded,-5e-06,1.0
Liquid Glucose,unbranded,-4e-06,1.0
Keora Water 500Ml,unbranded,-0.002118,0.9979
GARLIC WHOLE,unbranded,-0.0,1.0
Chilled Chicken Thigh Boneless 1 kg (Rsons),branded,-2.8e-05,1.0
RAJDHANI - SOOJI (1KG),branded,0.0,1.0
Lemon Leaves Fresh,unbranded,-1e-06,1.0
Mutton currycut,unbranded,-0.0,1.0
Thermal Paper Roll   Billing,unbranded,-2e-06,1.0
SP Thundercrush French Fries 9mm,branded,-1e-06,1.0
Milk Powder Nestle 1 Kg,branded,0.0,1.0
RAMPURI MIRCH,unbranded,-0.003383,0.9966
PAPER NAPKINS,unbranded,-8e-06,1.0
Vat 69,branded,0.0,1.0
Cavity for corrugated box 720ml,unbranded,-0.000488,0.9995
Aampanna juice 150ml,unbranded,-0.000636,0.9994
Cambro Polycarbonate LID for GN Pan 1/1,branded,0.0,1.0
Toned Tetra Milk 1000 ml,unbranded,-0.001152,0.9988
Macroni Rajdhani,branded,0.0,1.0
Grover Selecte Chenin Blanc 750 Ml,branded,0.0,1.0
Quarry And Tile Floor Cleaner (120X2Oz),branded,-0.269864,0.7635
Oaksmith,branded,0.0,1.0
Zukni Green,branded,-0.542485,0.5813
Packing tray ( 60x60x25mm ),unbranded,-3.8e-05,1.0
Tandoori Chicken Masala Powder,unbranded,-0.000156,0.9998
Paper Napkin Tissue 16x16 2ply,unbranded,-1.8e-05,1.0
#_# Cothas Blend Coffee 200 Gm - Murukku,branded,0.0,1.0
Icing Sugar Powder,unbranded,-0.0,1.0
Kumatia,unbranded,-1.3e-05,1.0
#_# Stirrer - Murukku,unbranded,-0.128804,0.8791
#_# Assorted Roleys (Box of 6) - Meemees,branded,-1e-06,1.0
Chefs Art - Piri Piri Sprinkler 250 gm 51189,branded,0.0,1.0
White Peas Batani,unbranded,-0.0,1.0
Diya Oil,unbranded,-2.7e-05,1.0
#_# Cassata (110 ml) - Go Zero,branded,-0.0,1.0
Cello Tape 1,branded,-0.009458,0.9906
Cumin Powder,unbranded,-0.0,1.0
Butter Chiplet,unbranded,-0.334881,0.7154
Coca cola 750ml,branded,0.0,1.0
Farali Chevdo (Tikho),unbranded,-0.000114,0.9999
Taski R7 - 5ltr Can,branded,0.0,1.0
Floor Mat,unbranded,-0.000657,0.9993
Manager Shirt Pink Size-S,unbranded,-0.412607,0.6619
Shot Glass 60Ml,unbranded,-0.001456,0.9985
Aluminium Container 750ml with Lid (Outlet),unbranded,-0.000111,0.9999
Coconut Dry whole,unbranded,-0.0,1.0
Meat Masala MDH,branded,0.0,1.0
Economy - Staff Toor Dal 1 Kg (Non IP) 131965,branded,-0.582811,0.5583
#_# Black Ceaser Dough - Cookie Cartel,branded,0.0,1.0
AA seal stickers,unbranded,-0.555688,0.5737
Chavali Red,unbranded,-0.000191,0.9998
Dabur Honey,branded,0.0,1.0
#_# Baguette Sourdough - La folie,branded,0.0,1.0
#_# Tag - Gluten-free Paleo Cookies - Le Four,branded,0.0,1.0
#_# The Great Indian Toffee 300gm - Parsi Dairy Farm,branded,0.0,1.0
Fanta Can 300ml-GST@ 28%,branded,0.0,1.0
Fevicol 1 Kg,branded,0.0,1.0
Panner Fresh 1 kg,unbranded,-9e-06,1.0
Saffron Kessar,unbranded,-0.000138,0.9999
HING (LG),branded,-7e-06,1.0
Lid for paperbowl 500ml,unbranded,-1e-06,1.0
Dustbin Cover Small,unbranded,-4e-06,1.0
MUMBAI RAVA 5 KG,unbranded,-0.193026,0.8245
Gochujang Sauce,unbranded,-0.038629,0.9621
Gochujang 17kg Tin,branded,-0.589742,0.5545
Garbage Bag Green 30 X50,unbranded,-9.2e-05,0.9999
Green Mustard Microgreen,unbranded,-0.0,1.0
Timmys Food Bag,branded,-1e-06,1.0
Palm Jaggery (per kg),unbranded,-0.0,1.0
Duster Check/Hand,unbranded,-0.000496,0.9995
CARNATTION MILK  405 GM ( EVAPORATED MILK ),branded,-1e-06,1.0
11.5x11.5 (Round) Sandhouse Butter paper (40GSM),unbranded,-0.149036,0.8615
Micks Lotus Biscoff Biscuit,branded,0.0,1.0
SDU Deva Chardonnay White wine 750ml,branded,0.0,1.0
Grated mozzarella New Onesta,branded,-7.6e-05,0.9999
Quinoa 1 kg,unbranded,-0.0,1.0
Cheese Block Processed,unbranded,-0.00117,0.9988
Amul Fresh Cream 1 Ltr- Exempt,branded,0.0,1.0
Duster cloth-Thick Mop,unbranded,-3.9e-05,1.0
Hand Sanitizer HS 100,branded,-0.504294,0.6039
Palak paste,unbranded,-0.0,1.0
Squeeze bottles -  Large,unbranded,-0.000315,0.9997
VINEGAR SYNTHETIC 750ML,unbranded,-0.000107,0.9999
Salt Black Tiger,branded,-0.266199,0.7663
Bread Crumb (Orange),unbranded,-0.002476,0.9975
Chicken Lollypop Plate,unbranded,-2e-06,1.0
MONIN VANILLA SYRUP 1 L,branded,0.0,1.0
FRENCH HEARTS VINYL STICKER SET,unbranded,-0.187609,0.8289
Harpic 500 Ml,branded,0.0,1.0
Gram Flour/Besan (Motichur),unbranded,-0.0,1.0
Chicken Galouti,unbranded,-0.000102,0.9999
Garbage Bags 29*39,unbranded,-9.2e-05,0.9999
Slider Bun 25GMS x 3'',unbranded,-0.001134,0.9989
BLACK PAPER,unbranded,-7e-05,0.9999
Millet Dosa Batter - ME,branded,-0.160225,0.852
Sesame Seeds White,unbranded,-0.0,1.0
#_# Baked Salted Caramel Cheesecake - Sassy Teaspoon,branded,-0.0,1.0
McCain Rosti Round/ Hash Brown 1.5kg,branded,0.0,1.0
Sriracha (570gm bottle),branded,-0.020862,0.9794
#_# Gate Pass Book,unbranded,-0.112823,0.8933
CHANA MASALA MDH 100GM,branded,0.0,1.0
Knor Aromat Seasoning ,branded,0.0,1.0
"Newtrition - Lemon Ginger, 500 ML",branded,0.0,1.0
coke 250ml bgl entperises aahar sale (Pack of 28),branded,0.0,1.0
Tape Dispenser,unbranded,-0.000805,0.9992
Agnessi Penne Pasta,branded,0.0,1.0
Pet Jar 6 inch,unbranded,-0.000459,0.9995
Rasila Rajma - Outsource,branded,-0.132633,0.8758
Maida DFM 50 Kg Unbrand,unbranded,-0.000253,0.9997
Thums Up 250 ml,branded,0.0,1.0
Budweiser Premium,branded,0.0,1.0
MOTICHOOR LADDU 250g,unbranded,-4e-06,1.0
Kissan Tomato Sause Dip,branded,0.0,1.0
RAGI WHOLE,unbranded,-0.0,1.0
Cotton pink plan shirt  (Size-XXL),unbranded,-0.001959,0.998
Coffee powder Nescafe 500 gm,branded,0.0,1.0
TOP COVER OF BOX 750 ML SALADSPOINT,branded,-0.014164,0.9859
FULL CREAM MILK,unbranded,-2e-06,1.0
Diversey Spray Bottles,branded,0.0,1.0
Disposable Paper Glass 150 ml Customized Printed Cups 180 GSM Paper,unbranded,-3.8e-05,1.0
Dal Tadka Lentils- ( 920 gms ),unbranded,-0.025503,0.9748
Kakdi - Cucumber,unbranded,-0.0,1.0
English Toffee,unbranded,-5.5e-05,0.9999
MTR Sambar,branded,0.0,1.0
Rai (Mustard Seed) 100gm,unbranded,-0.0,1.0
BIRTHDAY CAP BOY,unbranded,-0.000437,0.9996
#_# Roasted Chana Dal - Murukku,unbranded,-0.060118,0.9417
Taski D9 (5lt),branded,0.0,1.0
Truffle Oil Urbani 250 ml,branded,0.0,1.0
Kaffir Lime Leaves,unbranded,-0.0,1.0
Aniseed Whole - Saunf,unbranded,-0.0,1.0
Chocolate Hamper 1864,branded,-0.123254,0.884
Flax Seeds Plain,unbranded,-1e-06,1.0
#_# Wooden Spoon - Amore,branded,-4e-05,1.0
Chili Powder 1kg pkt,unbranded,-1e-06,1.0
Strawberry,unbranded,-0.0,1.0
Maida Kesari Brand 50kgs,branded,-0.000311,0.9997
Gherkin (pickled Cucumber whole),unbranded,-2e-06,1.0
PLASTIC CONTAINER 25ML,unbranded,-1e-06,1.0
Brown Sugar sachet,unbranded,-0.000374,0.9996
Jackfruit Cut (kathal),unbranded,-1e-06,1.0
Kasoori Methi Dry 100GM,unbranded,-2e-06,1.0
HONEY GOCHUJANG SAUCE,unbranded,-0.535971,0.5851
Non woven bag cinnamon big,unbranded,-8e-06,1.0
Ashok Besan,branded,0.0,1.0
AJINO MOTO,branded,-4.1e-05,1.0
SEED TIL WHITE NYLON,unbranded,-0.000213,0.9998
CHILLY POWDER  1KG,unbranded,-0.0,1.0
#_# Kulfi Insulation Bag - Parsi Dairy Farm,branded,0.0,1.0
Natural Mineral Water Aava 500 ml,branded,0.0,1.0
Parmesan Cheese 1kg,unbranded,-6.2e-05,0.9999
Plain Container - Classic Cassata (110 ml),unbranded,-0.504294,0.6039
Colin Spray 500ml,branded,0.0,1.0
Pink Gel Colour,unbranded,-0.04107,0.9598
Stamp Pad Medium Blue,unbranded,-0.023975,0.9763
Mogra Staff Rice (Broken Basmati Rice) 30 Kg 138777,unbranded,-0.012317,0.9878
Frozen Beans (1Kg),unbranded,-0.000185,0.9998
Kaju 4pcs,unbranded,-0.0,1.0
MDH Pav Bhaji Masala 100 grams,branded,0.0,1.0
MINI JAMUN 100g,unbranded,-0.000381,0.9996
APRICOT 200 GM PACK,unbranded,-6e-06,1.0
BROWN BUN,unbranded,-8e-06,1.0
#_# Jar - Death By Chocolate - Getaway,branded,-0.016034,0.9841
#_# Motichur Laddu 500gms - Dadus,branded,0.0,1.0
#_# Mop Refill [Wet],unbranded,-0.330461,0.7186
Turmeric Powder 500 grams,unbranded,-0.0,1.0
#_# Caramelo Banditos Dough - Cookie Cartel,branded,0.0,1.0
Hungritos Permium without Skin On Fries 9Mm,branded,0.0,1.0
Chicken Drumstick with Skin - Marinated,unbranded,-3e-06,1.0
Cheese Slice 200nos X 11.35g 2.27 Kg,unbranded,-0.008095,0.9919
Chipotle Sauce,unbranded,-0.017326,0.9828
GK - Infinite Food - Strawberry Smoothie Premix Powder (58 G x 15 sachet),branded,0.0,1.0
SS Round Plate 10 Inch- Order Plate,unbranded,-0.005153,0.9949
Coffee and Chocolate Brookies,unbranded,-0.045018,0.956
Milk Premium Farm Fresh 1 Ltr,unbranded,-0.000744,0.9993
Pitambari 150 gm ,branded,0.0,1.0
Cone Blueberry Cheesecake  110 Ml,unbranded,-0.179745,0.8355
RTE-Seths - Chinese Ready Schezwan Sauce (Frozen) 1 Kg,branded,0.0,1.0
Raspberry Fruit,unbranded,-0.0,1.0
GREEN CURRY PASTE NAMJAI 1 KG,branded,0.0,1.0
#_# Scissor,unbranded,-0.06684,0.9353
AMUL CHEESE SP PLAIN,branded,0.0,1.0
Black and White 750Ml,branded,-2.4e-05,1.0
2 Cp-Snacc,branded,-0.010382,0.9897
SAUCE SOYA DARK,unbranded,-0.000278,0.9997
#_# Sweet Chilli Sauce 15g - Prasuma,branded,0.0,1.0
Jacobs Creek Red 750Ml,branded,0.0,1.0
Transfer Notebook,unbranded,-0.013948,0.9861
Korean Chilli Powder 300 gm,unbranded,-0.0,1.0
110 Ml Tea paper cup-Snacc,unbranded,-0.292844,0.7461
Fajita Topping,unbranded,-0.001347,0.9987
Plastic Storage Boxes - Meduim,unbranded,-0.000231,0.9998
Burger Box,unbranded,-0.008095,0.9919
Aluminium (Silver) Pouches 6 inch * 9 inch (Pack of 100) 137302,unbranded,-9.8e-05,0.9999
Sugar Regular,unbranded,0.0,1.0
SHIKANJI MASALA,unbranded,-0.001412,0.9986
Crunchy butterscotch PP 100ML,branded,-0.321763,0.7249
Tape 1 Inch,unbranded,-3.4e-05,1.0
Nestle Water (19 Litre),branded,0.0,1.0
ALMOND(BADAM),unbranded,-0.0,1.0
QT Rail,branded,-1.5e-05,1.0
Chick peas,unbranded,-0.0,1.0
SUGAR,unbranded,-0.0,1.0
Kitchen King MDH 100 Gm- GST @ 5%,branded,0.0,1.0
"RTE-Seths - Chinese Ready Schezwan Sauce (Frozen), 1 Kg BB0009",branded,0.0,1.0
Chilly Byadagi,unbranded,-0.0,1.0
CHAPAD HEAVY,unbranded,-0.288902,0.7491
MANGO JUICE 1 LTR,unbranded,-8e-06,1.0
Lettuce Lollo Rosso,unbranded,0.0,1.0
American corn Sweet (per piece),unbranded,-0.0,1.0
Shimeji Mushrooms,unbranded,-1e-06,1.0
BOOKLET - LEAVE APPLICATION,unbranded,-0.082524,0.9208
7 inch Plate Chuk,unbranded,-0.001676,0.9983
#_# Prasuma FS Tandoori Veg Momos - Prasuma,branded,0.0,1.0
#_# French Vanilla (500 ml) - Go Zero,branded,-1e-06,1.0
IDLY RAWA,unbranded,-7e-06,1.0
Budweiser 330Ml,branded,0.0,1.0
BREAD CRUMBS,unbranded,-0.000357,0.9996
Air Freshener Godrej,branded,0.0,1.0
Spice-Dhaniya seeds,unbranded,-3.5e-05,1.0
Sandburgs Truffle Barbeque sauce (500 gram),branded,0.0,1.0
SEED POPPY,unbranded,-1e-06,1.0
Pork Red Meat,unbranded,-0.0,1.0
Full Box / Big Box ,unbranded,-2.1e-05,1.0
Star Papad,branded,-0.002086,0.9979
NUTS CASHEW 4PCS,unbranded,-0.0,1.0
Dry Wash Floor mat - Big,unbranded,-0.001503,0.9985
A4 Sheet,unbranded,-0.000125,0.9999
#_# Strawberry Kulfi 300gm - Parsi Dairy Farm,branded,0.0,1.0
Golgappa Sooji,unbranded,-6.6e-05,0.9999
Pril Liquid,branded,0.0,1.0
RED COLOUR,unbranded,-0.002363,0.9976
T-shirt - M size,unbranded,-0.000234,0.9998
Thin Filo Dough For Sweet 450 gms,unbranded,-0.055723,0.9458
#_# Pink Dome Box 1/2 Kg - Sassy Teaspoon,branded,-3e-06,1.0
Silicon Dioxide,unbranded,-2.2e-05,1.0
Wild Rocket Micro 100 gm,unbranded,-0.01507,0.985
Sunflower Oil,unbranded,-2e-06,1.0
Dried Shiitake mushroom 1kg,unbranded,0.0,1.0
NONBROMITE BREAD IMPROVER 1 KG 0157,branded,-0.010064,0.99
Kombu Leaf Dried 1kg pkt,unbranded,-2e-06,1.0
MDH Kashmiri Chilli Powder 100 grams,branded,0.0,1.0
Kiley Soda 250 ML - SNACC,branded,0.0,1.0
ONION RINGS (PB),branded,-0.00333,0.9967
#_# Cookies and Cream Ice-cream Tub (100ml) - Meemees,branded,-0.0,1.0
Luster Dust Royal Gold,unbranded,-0.57594,0.5622
Sauce-Peri peri,unbranded,-0.001676,0.9983
Coriander Green,unbranded,-0.0,1.0
Water Chestnuts,unbranded,-1e-06,1.0
Monin Raspberry,branded,0.0,1.0
Vanaspati Ghee nature fresh,branded,-0.002849,0.9972
White Raddish,unbranded,-0.0,1.0
Polyester Label Sticker (4x2 Inc Red) Non veg,unbranded,-0.005747,0.9943
Nitrile Hand Gloves (1box = 100 gloves),unbranded,-7.3e-05,0.9999
Pizza Cheese,unbranded,-2.9e-05,1.0
#_# Square Butter Paper - Le Four,branded,-3.7e-05,1.0
Sarwar Onion Powder 450gm,branded,-1e-06,1.0
Veg Spring Roll (pack of 25Pcs),unbranded,-0.001246,0.9988
Mdh Dhaniya powder 500gm,branded,0.0,1.0
Cherry Tomato,unbranded,-0.0,1.0
CREAM,unbranded,-8.2e-05,0.9999
Container Paper Printed 250 ML ( dia 116 ) with LID,unbranded,-4.5e-05,1.0
Tropicana Mango Juice 1Ltr,branded,0.0,1.0
A5 Voucher Leaflet,unbranded,-0.058321,0.9433
Long Note Book 200 Pgs Chandras SB,branded,-1e-06,1.0
#_# Modak - Murukku,unbranded,-0.391911,0.6758
Floor Duster (Pocha),unbranded,-1e-06,1.0
Monin Blue Curaco 700 ml,branded,0.0,1.0
Piri Piri Seasoning,unbranded,-9.6e-05,0.9999
Carry Bag Paper 1Kg Printing,unbranded,-5e-06,1.0
AACHI KULAMBU MILAKAI STAFF,branded,0.0,1.0
Goat Cheese,unbranded,-0.000156,0.9998
Hazelnut Brownie Outer Sticker (CBTL),branded,-0.000266,0.9997
TT RIBBAN J304 (110MM X 300MTR),branded,-5.5e-05,0.9999
Sweets Milk Barfi Red Velvet,unbranded,-0.000112,0.9999
Rich Whipping Cream Gold,branded,-0.019013,0.9812
HALDI POWDER,unbranded,-0.0,1.0
Maggi Cubes Chicken,branded,0.0,1.0
Cake Card 6,unbranded,-0.164913,0.848
Ker Sangri,unbranded,-1e-06,1.0
SAKURA DRIED SHITAKE MUSHROOM,branded,0.0,1.0
#_# Tomato Chutney Frozen - Murukku,branded,-0.005237,0.9948
#_# Tar Brush (Dosa Bhatti),unbranded,-0.021853,0.9784
RED CABBAGE,unbranded,-0.0,1.0
Fresh Button Mushroom (200GM),unbranded,-0.0,1.0
#_# Sticker - Momo Kitchen 40mm - Prasuma,branded,-2e-06,1.0
Biryani Rice(1121 XXXL),unbranded,-4e-06,1.0
LAVA CAKE LID,unbranded,-0.134588,0.8741
Jain Hing Powder ,unbranded,-0.198581,0.8199
Brown Onion Grinded,unbranded,-1e-06,1.0
Onion Sambar,unbranded,-0.00052,0.9995
Pitambari Powder,branded,0.0,1.0
#_# Sticker - Mango Protein Smoothie - The Whole Truth,branded,0.0,1.0
500 Ml Round Container With Lids (White),unbranded,-0.000417,0.9996
Panini Bread Outer Sticker (CBTL),branded,-0.00018,0.9998
Chicken Tikka filling-Snacc,branded,-9.6e-05,0.9999
Chineese Cabbage,unbranded,-0.0,1.0
Spray Bottle with Trigger (750 ML),unbranded,-7.4e-05,0.9999
Frozen orange,unbranded,-0.000504,0.9995
Rice flour Vijay 1KG-SNACC,branded,-0.0,1.0
Designer Dummy,branded,-0.535971,0.5851
MONIN HAZELNUT SYRUP 1LTR,branded,0.0,1.0
Carrot Beans Poriyal(ME)-A-BAN,branded,-0.003657,0.9963
Corona Lager Beer 330 ml,branded,0.0,1.0
Twinning Lemon Tea,branded,-0.0,1.0
#_# Misti Doi 100gm - Parsi Dairy Farm,branded,0.0,1.0
Thai Tea Mix 400g packet Chatramue,branded,0.0,1.0
Habit Olives Green Pitted 3Kg,branded,0.0,1.0
100 ML PAPER  Container,unbranded,-7e-06,1.0
Lamb Rack Cap Off 1 Pkt,unbranded,-1e-06,1.0
Napkin Bikkgane,branded,-0.007727,0.9923
#_# Sticker - Sauce Dip Sticker Tangy Thai Tom Yum Sauce - Prasuma,branded,0.0,1.0
Cello Tape Green,branded,-0.000617,0.9994
Outer Bag SOS 70 GSM - Snacc,branded,-0.107926,0.8977
Prawns 40/50 C,unbranded,-1e-06,1.0
Filter Coffee Powder,unbranded,-1.5e-05,1.0
DAILY FRESH SPROUTED PESARATTU BATTER POUCH 1/2KG,unbranded,-0.516788,0.5964
Parry Sugar White,branded,0.0,1.0
Harpic 500 ml,branded,0.0,1.0
Butter Croissant-Snacc,branded,-0.402151,0.6689
ITC Long Note Book 160 pages hard,branded,0.0,1.0
MS FRYPAN 14,branded,-0.100207,0.9047
Spice-Peri peri seasoning,unbranded,-4.3e-05,1.0
WALNUT,unbranded,-0.0,1.0
BLACK OLIVE 3KG,unbranded,-2.6e-05,1.0
SCOTCH BRITE (4 IN 1),branded,0.0,1.0
UCC 2door 3drawer + raised BM + 1/6gnx6,branded,-0.510512,0.6002
Ketel One Vodka 750 ml,branded,0.0,1.0
GLASS PET 350 - PAPER,unbranded,-0.151214,0.8597
WALNUT BROKEN 1 KG,unbranded,-1e-06,1.0
Laddle Chinese with wooden handle 4 inch,unbranded,-4e-06,1.0
Butter Chicken Nuggets,unbranded,-0.006116,0.9939
Hoegaarden,branded,0.0,1.0
POUCH 200MM X 250MM - Poly Pet - With Barrier (12/70),unbranded,-0.023607,0.9767
Oregano Herb 1 Kg,unbranded,-0.0,1.0
Coca Cola 180ML (Pack of 36PCS),branded,0.0,1.0
Ziplock Bags,unbranded,-0.140613,0.8688
French Fries 11mm 2.5 Kg,unbranded,-0.000636,0.9994
Basil,unbranded,-0.0,1.0
COKE CANE,branded,-0.000501,0.9995
Pickle Andhra,unbranded,-0.000158,0.9998
Shower Gel 5Ltr,unbranded,-2.1e-05,1.0
COOKIES JAR WITH LID (46 Pcs),unbranded,-0.000301,0.9997
Kashmiri Mirch Aakhu - Red Chilly Whole Kashmiri,unbranded,-1e-06,1.0
Refined Oil,unbranded,-1e-06,1.0
RICE DOSA,unbranded,-1e-06,1.0
#_# Curry Leaves,unbranded,-0.0,1.0
Pizza Platter Butter Paper 16*9,unbranded,-0.000466,0.9995
tanquery gin 750,branded,0.0,1.0
DV Grenadine Syrup 750 ml,branded,0.0,1.0
#_# Chocolate Coated Salted Pistachio Dragees Jar [120 grams] - Entisi Chocolatier,branded,0.0,1.0
Paper Billing Rolls,unbranded,-1e-06,1.0
Q-com Teacake Blister Tray,branded,0.0,1.0
Staff tea,unbranded,-0.010064,0.99
Garnish Tray Plastic 9 Insert,unbranded,-0.000405,0.9996
ANANDA PANEER 1 KG,branded,0.0,1.0
Whole Wheat Penne Pasta,unbranded,-6e-06,1.0
bakery paper bags,unbranded,-0.0,1.0
MOTICHOOR LADDU 500g,unbranded,-5.2e-05,0.9999
Newyork Cheese Filling,unbranded,-0.423281,0.6549
Aavin Milk,branded,0.0,1.0
N20 Whipped Cream Chargers,unbranded,-0.326087,0.7217
WHITE PITTA BREAD (1pcs),unbranded,-0.000182,0.9998
Chicken Box (Small),unbranded,-2.6e-05,1.0
dhaniya whole,unbranded,-0.0,1.0
Light Soya Sauce,unbranded,-0.001756,0.9982
Walnut whole Super (2 Pcs),unbranded,-0.0,1.0
YU001517 Sensor Magnetiv 2 Nc,branded,-2e-05,1.0
#_# Frozen Chonk O Rocher - Chonkers,branded,-0.002185,0.9978
Baby Rawas,unbranded,0.0,1.0
Ghee Pure 500 Ml,unbranded,-1e-06,1.0
Sriracha Hot Chilli Sauce Flying Goose 730 gm,branded,0.0,1.0
ANGOSTURA Aromatic bitters (200ML),branded,0.0,1.0
Purple Cabbage,unbranded,-0.0,1.0
Plum Essence,branded,-0.000756,0.9992
Safed mirchi,unbranded,-0.0,1.0
Royal Challenge,branded,0.0,1.0
Canteen Drink Box (250GSM) SBS,unbranded,-0.045017,0.956
Chuk Plate 11,branded,-0.562379,0.5699
Makhana,unbranded,-1e-06,1.0
PP Bag 12x18 Inch,unbranded,-0.000287,0.9997
#_# Big Bag - Stroopie,branded,-0.000459,0.9995
VKL- Peri Peri Marinade 1Kg,branded,0.0,1.0
Nimbu (Lemon),unbranded,-0.0,1.0
Black Cardamom 250gm,unbranded,0.0,1.0
Possmei Passion Fruit Syrup 2.5Kg bottle,branded,0.0,1.0
MOTI ELAICHI,unbranded,-0.065837,0.9363
Bagasse Burger BOX  WIDE BASE,unbranded,-0.00032,0.9997
Kimirica White Gold Tooth Brush pack,branded,0.0,1.0
Sipper Cup 300ml,unbranded,-0.003382,0.9966
#_# Cheese (Melted) - Prasuma,branded,0.0,1.0
Wet Wipes,unbranded,-0.045017,0.956
Mackeral 6/8,unbranded,-0.003279,0.9967
White sesame Seeds 100G - Sancc,branded,-1e-06,1.0
Mouth Freshner Pkt,unbranded,-0.00052,0.9995
urad dal,unbranded,-0.0,1.0
Nutrela (1pkt),branded,0.0,1.0
Paper Printed Kebab Box 6 Compartment,unbranded,-0.00031,0.9997
CHULLA,branded,-0.005574,0.9944
ROSTED CHANA DAL,unbranded,-1e-06,1.0
Finagel,branded,-7e-06,1.0
Ajwain Whole,unbranded,-1e-06,1.0
Moong Dal - Grade 1 (Fine),unbranded,-0.0,1.0
Tastecraft Pistachio Flavoured Syrup 750ml,branded,0.0,1.0
Tandoori Tikka Masala,unbranded,-1e-06,1.0
Paper A4,unbranded,-4e-06,1.0
#_# Cube Pouches - Entisi Chocolatier,branded,0.0,1.0
variyali,unbranded,-1e-06,1.0
Danish White Feta 500GM,branded,-0.101707,0.9033
Corrugated Box Small,unbranded,-4e-06,1.0
Wooden Spoon (100PCs Each),unbranded,-2.1e-05,1.0
Brown Packing Tape 2 Inch,unbranded,-0.000112,0.9999
Gochujang Paste 500gm pkt,unbranded,-0.187609,0.8289
Silver Pouch,unbranded,-0.080084,0.923
#_# Eggless Chocolate Chip Pound Cake - Sweetish,branded,-0.000732,0.9993
Elephant Yam,unbranded,-0.0,1.0
Bandan Cap,unbranded,-0.072079,0.9305
BREAD SANDWICH,unbranded,-0.000238,0.9998
T65  CAKE FLOUR,unbranded,-0.00349,0.9965
#_# Naga Chilli Sauce - Prasuma,branded,0.0,1.0
Paper Plate,unbranded,-1e-06,1.0
Broccoli  incremental 0.5 10301,unbranded,-0.0,1.0
EGG FREE RED VELVET CAKE MIX,unbranded,-0.024348,0.9759
Tata Salt 1kg,branded,0.0,1.0
Kesar Kaju Katli 500 Gms Gold Foil Cover,unbranded,-0.000163,0.9998
Dust pan (dust pan-20),unbranded,-6.9e-05,0.9999
Mozzarella Cheese - Flanders,branded,-0.000204,0.9998
Colin (Glass Cleaner),branded,0.0,1.0
Bulgogi Sauce,unbranded,-0.014838,0.9853
#_# Cone - Dark Chocolate [ 120 ml ] - Getaway,branded,-0.0,1.0
TORCH BLOW COOKING,unbranded,-0.029751,0.9707
Side Box (Crunch),unbranded,-0.179745,0.8355
Monin Peach Syrup,branded,0.0,1.0
T-SHIRT BLACK-L,unbranded,-0.0054,0.9946
Italian Focassia Polly Bag 8 x 10 Inch,unbranded,-0.101708,0.9033
Seafood-Basa,unbranded,-1.4e-05,1.0
