title,prediction,confidence
RED LABEL TEA (1 KG),unbranded,0.0036
EASTMADE - CUMIN (JEERA) 1 KG,unbranded,0.0038
Hungritos Permium without Skin On Fries 9Mm,unbranded,0.0143
Milkhana Melted Cheese,unbranded,0.0583
MDH - White Pepper Powder 100 gm 30291,unbranded,0.1023
COKE CANE,branded,0.1176
Taski R7 - 5ltr Can,unbranded,0.2121
"Newtrition - Lemon Ginger, 500 ML",unbranded,0.2121
Ajinomato,branded,0.3311
ANANDA PANEER 1 KG,unbranded,0.4844
Taski R5 5ltr,unbranded,0.5078
3 EASTMADE - BLACK PAPER WHOLE (KALI MIRCH),unbranded,0.5699
tanquery gin 750,branded,0.5699
CARNATTION MILK  405 GM ( EVAPORATED MILK ),branded,0.5737
Sargvo-Drumsticks,unbranded,0.6298
Chefs Art - Piri Piri Sprinkler 250 gm 51189,unbranded,0.6298
"RTE-Seths - Chinese Ready Schezwan Sauce (Frozen), 1 Kg BB0009",unbranded,0.6792
RAJDHANI - SOOJI (1KG),unbranded,0.6859
Habit Olives Green Pitted 3Kg,unbranded,0.7372
Knor Aromat Seasoning,branded,0.7432
Windmill Potato starch,unbranded,0.7491
Long Note Book 200 Pgs Chandras SB,unbranded,0.8176
Ziplock Bags,branded,0.8267
SUMA TAB CHLORINE,unbranded,0.8355
Paper Cup 350ml (10'' Oz) FLYP,unbranded,0.8559
GK - Infinite Food - Strawberry Smoothie Premix Powder (58 G x 15 sachet),unbranded,0.8559
#_# Caramelo Banditos Sticker - Cookie Cartel,branded,0.8634
Kiley Soda 250 ML - SNACC,unbranded,0.8741
Keora Water 500Ml,unbranded,0.9019
Chicken Tikka filling-Snacc,branded,0.9124
Parry Sugar White,unbranded,0.9219
TOP COVER OF BOX 750 ML SALADSPOINT,unbranded,0.9263
Prepit Hyderabad Biriyan 1 kg,unbranded,0.9284
Termocool morded box,unbranded,0.9482
Lotus Flour,unbranded,0.9526
#_# Baguette Sourdough - La folie,branded,0.9566
11.5x11.5 (Round) Sandhouse Butter paper (40GSM),unbranded,0.9627
Twinning Lemon Tea,unbranded,0.9707
Thondaika,unbranded,0.9724
Staff Mustard Whole,unbranded,0.9732
#_# SIERRA 72% Dark Chocolate Bar - Ether,unbranded,0.977
GFB Mushroom Patty,unbranded,0.9784
ROSE MARY,unbranded,0.979
Breakfast Sugar Trust 1 Kg,unbranded,0.982
Timmys Food Bag,unbranded,0.9831
#_# Lotus Biscoff Icecream (125ML) - Bina,branded,0.9876
Napkin Bikkgane,unbranded,0.989
Gud,branded,0.9893
AANCH COVER,unbranded,0.9897
Griffith Hot Chilli Marinade,branded,0.9912
Zukni Green,unbranded,0.9912
#_# PMK Veg Hakka Noodles 250gm - Prasuma,branded,0.9919
GK-Morde - Hazelnut Chocopaste 1 Kg 140027,unbranded,0.9921
Dollur Amla Jar,unbranded,0.9922
TG-Party Snacks 35G Pouch,unbranded,0.9939
Agnessi Penne Pasta,branded,0.9941
Oaksmith,branded,0.9945
#_# Caramelo Banditos Dough - Cookie Cartel,branded,0.9948
Active X Mustard Oil 500mL,unbranded,0.9958
Poly Veg logo1500&#215;23,unbranded,0.9963
Kobij-Cabbage,unbranded,0.9967
Chicken wings Coated ( ITC ),branded,0.9968
VKL PERI PERI MARINADE,unbranded,0.9971
CHAPAD HEAVY,unbranded,0.9971
#_# The Berry Good Bar 72% [Chocolate Bar] - La Folie,branded,0.9974
PG-Paper Tub Lids,unbranded,0.9978
#_# The Godfather (Reeses peanut butter cup) Cookie Dough - Cookie Cartel,branded,0.9978
CELLOFIN PAPER,unbranded,0.998
Iceberg,unbranded,0.9983
DV Grenadine Syrup 750 ml,unbranded,0.9983
SPINCACH,unbranded,0.9984
Blue Pine Artesian Water - 750 ML - GST @18 %,unbranded,0.9985
HING (LG),unbranded,0.9985
SEED TIL WHITE NYLON,unbranded,0.9985
Kcco Tray Big,unbranded,0.9989
#_# Kulfi Insulation Bag - Parsi Dairy Farm,branded,0.9989
#_# Sakura Blossom Gateaux (125 Gms) - Ether,unbranded,0.999
#_# Tango Mango - Anando,branded,0.9991
Wonder Wipe (3pc),unbranded,0.9991
Cello Tape 1,unbranded,0.9991
CELLO TAPE BIG PLAIN 3 INCH,unbranded,0.9992
Non Veg Spring Rolls -SNACC,branded,0.9992
Colin Spray 500ml,branded,0.9992
EVD DAIRY WHITENER 1 KG,unbranded,0.9994
ATTA GANGA,unbranded,0.9994
coke 250ml bgl entperises aahar sale (Pack of 28),branded,0.9994
Dust Pan  Supli,branded,0.9995
#_# Pista Kulfi Stick (70 ml) - Go Zero,branded,0.9995
Dark Compound Co D15 500Gms,unbranded,0.9995
InWard Register,unbranded,0.9995
Delmonte - Eggless Mayo,branded,0.9995
#_# Double Cocoa Protien Bar - The Whole Truth,branded,0.9995
SDU Deva Chardonnay White wine 750ml,branded,0.9995
Vanaspati Ghee nature fresh,branded,0.9995
Jain Hing Powder,branded,0.9995
#_# Sticker - Mango Protein Smoothie - The Whole Truth,branded,0.9995
#_# French Vanilla (100 ml) - Go Zero,branded,0.9996
#_# Hamper Box Of 2 Outer  - The Tiny Tub,unbranded,0.9996
Nam Shop Sticker   Prawn Crackers Large,unbranded,0.9996
Tea flask - 250 ML -Outer coorugated Box-Snacc,branded,0.9996
Chavali Red,unbranded,0.9996
Cello Tape Green,unbranded,0.9996
VIKRAM - CHAKKI ATTA 30 KG,unbranded,0.9997
Jau / Ghat,unbranded,0.9997
KESAR,unbranded,0.9997
HOLLO MAT3125*5,unbranded,0.9997
Coconut milk powder maggi,branded,0.9997
RTE-Seths - Chinese Ready Schezwan Sauce (Frozen) 1 Kg,branded,0.9997
#_# Square Butter Paper - Le Four,branded,0.9997
#_# Sticker - Momo Kitchen 40mm - Prasuma,branded,0.9997
Red Malka (Lal Masoor) Rajdhani,branded,0.9998
SAMSEER MARK,unbranded,0.9998
#_# Soaked Chia - The Whole Truth,branded,0.9998
Ciclo Printed Cake Box 2Pc,unbranded,0.9998
Grover Selecte Chenin Blanc 750 Ml,branded,0.9998
#_# Assorted Roleys (Box of 6) - Meemees,branded,0.9998
Maida Kesari Brand 50kgs,branded,0.9998
Black and White 750Ml,unbranded,0.9998
ROOH AFZA,branded,0.9999
Triplesec,unbranded,0.9999
#_# Container lid - PMK Round Paper 500 ML Plastic - Prasuma,branded,0.9999
#_# BC - Aam Ice Cream [300ML] - BICO,branded,0.9999
Teqila Blanco Don Angel 750 Ml,branded,0.9999
Premix Egg Free Chocolate Make: pillsbury,branded,0.9999
Cotton BBK Apron,unbranded,0.9999
Coke 750 Ml,branded,0.9999
SCOTCH BRITE  JUNA,branded,0.9999
PAPER COVER BROWN - PAPAD,unbranded,0.9999
Pokchay,unbranded,0.9999
Gulab Jamun (Wyn),unbranded,0.9999
GK-Miami Waffle Pizza Pkg Box 1PKT 100PC GK Dry 137504,unbranded,0.9999
Ajinomoto (Golden Crown),branded,0.9999
#_# Double Chocolate Chip Cookie Premix - 8 pcs - Sweetish,branded,0.9999
100 Pipers. 750Ml,branded,0.9999
Cantener Half,unbranded,0.9999
Sauce Chilli Green Tops,unbranded,0.9999
#_# COCO 40% Dark Chocolate - Ether,unbranded,0.9999
Macroni Rajdhani,branded,0.9999
#_# The Great Indian Toffee 300gm - Parsi Dairy Farm,branded,0.9999
110 Ml Tea paper cup-Snacc,branded,0.9999
7 inch Plate Chuk,unbranded,0.9999
Mdh Dhaniya powder 500gm,branded,0.9999
Pitambari Powder,branded,0.9999
Aavin Milk,branded,0.9999
Chuk Plate 11,branded,0.9999
POCHA (MOP),unbranded,0.9999
#_# Cone - Dark Chocolate [ 120 ml ] - Getaway,branded,0.9999
HARPIC,branded,1.0
BANARASI LAL PEDA-200 Gms,unbranded,1.0
"Sakthi - Kulambu Chilli powder, 500gm",branded,1.0
Chicken Curry Cut,unbranded,1.0
SABUDANA NYLON,unbranded,1.0
Tawa Roti (7 inch),unbranded,1.0
Kashmiri Mirch Powder,unbranded,1.0
Chana Black,unbranded,1.0
ROW - Barcode Lable 50mmX25mm Non Tearable,unbranded,1.0
Silken Tofu 300g Voila,branded,1.0
Softy Premix Vanilla,unbranded,1.0
T Shirt Black NM M38,unbranded,1.0
Papad ( Big),unbranded,1.0
Crispy Cajun Breading Mix,unbranded,1.0
Taski Suma Ultra (L2) 5L Can,branded,1.0
Eggs,unbranded,1.0
Cutlery Set The Cake Story,branded,1.0
Plastic Storage Container 500ml,unbranded,1.0
Ketchup,unbranded,1.0
GK-NY Pan Cake Sp Pkg Box 1PKT 100PC GK Dry 137497,unbranded,1.0
Korean LTO Menu,unbranded,1.0
Malaysian Noodles ( Flat Noodles ) 1kg,unbranded,1.0
Note Pad 3x3,unbranded,1.0
Sumabrite Degreaser nd Heavy duty cleaner (break up HD),branded,1.0
Silver Pouch 6*8,unbranded,1.0
AASHIRVAAD - ATTA 10 KG BAG,branded,1.0
Shudh Garhwal - Khoya Pindi 1KG,unbranded,1.0
#_# Chocolate Fudge Overload (NAS) 500 ml - Frozen Fun,unbranded,1.0
PLASTIC CONTAINER-150ML,unbranded,1.0
COLOUR CODE DOTT TUES,unbranded,1.0
Red Chili Paste 1kg pkt,unbranded,1.0
Sweetpotato (Kanga),unbranded,1.0
STICKERS WVF COLD VARAVRAGE - THINK ORIGINS HAZELNUT COLD FILTER COFFEE FSSAI,unbranded,1.0
Dalchini,unbranded,1.0
Stone Flower(Dagad Phool),unbranded,1.0
Sambal Oelek,unbranded,1.0
Tandoori paneer tikka,unbranded,1.0
Cocoa powder (Medium Brown) Vanhouten,branded,1.0
Brown Sugar Paste Fondant,unbranded,1.0
Butter Pouch 9X12,unbranded,1.0
"Carrots/Gajar, incremental 0.5 10335",unbranded,1.0
Good Night Machine,unbranded,1.0
Biryani Handi 750 GM,unbranded,1.0
Green Tomato 1kg,unbranded,1.0
Envelope,unbranded,1.0
MF White Compound CO W33,unbranded,1.0
Garbage Bag Black 30 x50,unbranded,1.0
#_# FC - Orange Popsicle Ice Cream [70 Ml] - Noto,branded,1.0
Malas strawberry crush 750ml,branded,1.0
Kit Kat,branded,1.0
Beer Non Alcoholic 330 ml - Coolberg (Ginger Flavour),branded,1.0
Perrier Water 330mL,branded,1.0
DIGESTIVE BISCUITS,unbranded,1.0
SS Mould Round Cutter - 12pcs,unbranded,1.0
TASKI R3,branded,1.0
#_# Asafoetida / Hing - murukku,unbranded,1.0
Malai Paneer Soft Loose,unbranded,1.0
Momo Steamer,unbranded,1.0
Dosa Masala Retort,unbranded,1.0
Potassium Sorbate,unbranded,1.0
PLASTIC CONTAINER 750ML,unbranded,1.0
Amla Sabut Herble,unbranded,1.0
Ro 48,unbranded,1.0
CUMIN WHOLE (JEERA),unbranded,1.0
Green peas,unbranded,1.0
3CP PLATE,unbranded,1.0
Maida Flour Premium (per kg),unbranded,1.0
Red Fondant,unbranded,1.0
Radish White,unbranded,1.0
PUMPKIN SEEDS (1Kg Pkt),unbranded,1.0
Zucchini Yellow (Premium)  incremental 0.5 10033,unbranded,1.0
GARBAGE COVER SMALL 17x19 - 51 MM,unbranded,1.0
Dhania Pudina Chutney-SNACC,unbranded,1.0
MDH Chana Masala,branded,1.0
Brown Onion,unbranded,1.0
Lettuce Patta,unbranded,1.0
Butter Murkku,unbranded,1.0
Wooden Cutlery Kit,unbranded,1.0
Biryani small Box (Serve -1),unbranded,1.0
Flexible Plastic Bags ( 5kg Small Size - Mithai & Namkeen),unbranded,1.0
SS  NOODAL CHANNI,unbranded,1.0
STICKER SHEEK KABAB,unbranded,1.0
Sticker Veg 750 ml Container,unbranded,1.0
Cling Film,unbranded,1.0
Kale,unbranded,1.0
340 MM BOPP ROLL,unbranded,1.0
3 Ply Corrugated Croissant Tray,unbranded,1.0
Kundru,unbranded,1.0
Unbranded Spray Gun,unbranded,1.0
Sparkling Water,unbranded,1.0
Kung Pao Sauce 335 G,unbranded,1.0
Plastic Packing Theli (PP),unbranded,1.0
Red Paprika Sliced,unbranded,1.0
#_# Big Blue Box - Sweetish,unbranded,1.0
19 KG Commercial Cylinder,unbranded,1.0
Message Card,unbranded,1.0
Kashmiri Chili,unbranded,1.0
Infinite - Eggless Choco Lava Cake Premix 1 Kg Ambient 148873,branded,1.0
Texmex cheese sauce,unbranded,1.0
Fried Mirchi retort,unbranded,1.0
Dried figs,unbranded,1.0
WOODEN SPOON 160MM (100 Pcs),unbranded,1.0
UH ZUCCHINI GREENSMALL DICE1 KG / BAG,unbranded,1.0
Butter Scotch DF Bite,unbranded,1.0
GLOVES BLUE,unbranded,1.0
Milk Compound Slab M21,unbranded,1.0
Quinoa 1kg,unbranded,1.0
A-005 Grill and Oven Cleaner ACTON,branded,1.0
Flow Wrap Rolls - Raspberry Duet (60 ml),unbranded,1.0
Garbage Bag 30x50 Kg,unbranded,1.0
Dry Amla-Dry Gooseberry,unbranded,1.0
Real Pineapple Juice,unbranded,1.0
Cambro Polycarbonate GN Pan 1/2 200mm,branded,1.0
Mangoes (Sindhura) X1KG,unbranded,1.0
Masoor Whole,unbranded,1.0
PASSION FRUIT SYRUP(1 LTR) Foodoo,branded,1.0
Soda 750ml- @ 18%,unbranded,1.0
Blue Berry 250Gs,unbranded,1.0
PRINTER ROLL,unbranded,1.0
#_# Frozen OG Chocolate Chip Chonker - Chonkers,unbranded,1.0
Burata Cheese 250 Grm,unbranded,1.0
Mother Dairy milk,branded,1.0
Corn Flour,unbranded,1.0
Sweets Milk Kalakand,unbranded,1.0
#_# Greeting Card - Sassy Teaspoon,unbranded,1.0
SPRITE 250ML,branded,1.0
CARRY BAG 500GM,unbranded,1.0
HARPIC LIQUID,branded,1.0
DRY ICE,unbranded,1.0
#_# Classic Vanilla Minis Sugar Free Ice cream [09 pieces] - Noto,branded,1.0
PLASTIC DIP BOWL 50 ML,unbranded,1.0
SS GN PAN 1/3 100 MM,unbranded,1.0
White Envelope Cover,unbranded,1.0
Leeks,unbranded,1.0
NATURESMITH PAPRIKA POWDER 60GM,branded,1.0
FRENCH FRIES,unbranded,1.0
BESAN,unbranded,1.0
Hand Sanitizer,unbranded,1.0
Cutlery Basket,unbranded,1.0
PAPER CUP ( TEA WATER ETC),unbranded,1.0
NOTEBOOK LONG 200 PAGES,unbranded,1.0
Rice Dosa (Ponni),unbranded,1.0
#_# Kesar Peda 500gms - Genda Phool,unbranded,1.0
XO Sauce Sticker,unbranded,1.0
Dry Fruits Pista Whole,unbranded,1.0
Bru Coffee 500g,branded,1.0
Hummus,unbranded,1.0
San Marzano - Pomace Olive Oil,unbranded,1.0
BREAD COVER 2,unbranded,1.0
Nestle Milk Powder 1KG,branded,1.0
Cassata - 125ml,unbranded,1.0
UH GREEN CAPSICUMWHOLE CLEANEDCRATE,unbranded,1.0
Classic Ice Burst 10 Nos,unbranded,1.0
Mustard Seed,unbranded,1.0
Roll Sleeve Red,unbranded,1.0
Cookies Caramel 6kg ( Mec3-14772),unbranded,1.0
River Sole Fillet,unbranded,1.0
CC CONTAINER - 375ML,unbranded,1.0
Adrak / Ginger,unbranded,1.0
#_# Stapler,unbranded,1.0
Curry Patta,unbranded,1.0
#_# Cacao Crispy - Ether,unbranded,1.0
Cake Saver,unbranded,1.0
Milk ( Full Cream ),unbranded,1.0
Hair Net,unbranded,1.0
Almond biscotti (1pcs),unbranded,1.0
Dark Chocolate Paste-NAS,unbranded,1.0
DAL MAKHANI STICKERS,unbranded,1.0
Mini Button Bhakarwadi,unbranded,1.0
Thai Jasmine Rice 2kg pkt MBK,unbranded,1.0
Plastic Packing Cover Thick   12*16,unbranded,1.0
Keto Blueberry Cheesecake Ice Cream - 100 ml RM,unbranded,1.0
Pesto Pistachio 2.5kg (Mec3-14755),unbranded,1.0
MAKKI ATTA,unbranded,1.0
Chest Freezer Capacity - 500 Ltr - 1060*700*840,unbranded,1.0
Gherkin,unbranded,1.0
Cayenne Pepper Powder,unbranded,1.0
Palak - Spinach,unbranded,1.0
GLUTEN NB 0121,unbranded,1.0
Red Raddish,unbranded,1.0
200m Tie,unbranded,1.0
N_4  Pet Jar Lid,unbranded,1.0
Farali Sabudana Vada,unbranded,1.0
Possmei Taro Powder Premix 1kg pkt,branded,1.0
EGGFREE TEA TIME VANILLA MUFFIN,unbranded,1.0
Noodle ( Thin Vala ),unbranded,1.0
Hand Wash 5 Ltr Can,unbranded,1.0
CURRY PATTA,unbranded,1.0
#_# Mango Kulfi 300gm - Parsi Dairy Farm,branded,1.0
Camino Real Gold 750Ml,branded,1.0
Coriander Fresh W/O Roots,unbranded,1.0
Sweets Milk White Peda,unbranded,1.0
Whole Wheat Jumbo Bread,unbranded,1.0
Silver Pouch 6*8 (100PC),unbranded,1.0
#_# Rocky Road Ice-cream Tub (100ml) - Meemees,branded,1.0
Fruit Cocktail Tin,unbranded,1.0
Sesame Oil 650 Ml,unbranded,1.0
Hand Rub,unbranded,1.0
500 ml rectangle box,unbranded,1.0
Chocolate Ice-cream,unbranded,1.0
Hydrochloric Acid,unbranded,1.0
Artichoke Tin 390 Grms,unbranded,1.0
DRY COCONUT,unbranded,1.0
WHITE PITA BREAD 4 PC PACK,unbranded,1.0
Turmeric (Haldi) Powder Chounk,unbranded,1.0
#_# Sugar Free Chocolate Hazelnut Ice Cream Tub (125 ml) - Bina,branded,1.0
Scotch Brite - Rubber Kitchen Gloves,branded,1.0
Dark Couverture 54%,unbranded,1.0
Thai Jasmine rice,unbranded,1.0
Biscoff Biscuit Lotus,branded,1.0
CINNAMON 1 KG,unbranded,1.0
President Butter Unsalted 500gm,branded,1.0
Milk,unbranded,1.0
Olive Oil (Regular /Pomace ),unbranded,1.0
MRD Stickers,unbranded,1.0
Milk Chocochip,unbranded,1.0
Lemon Ginger Syrup,unbranded,1.0
Urinal Pad,unbranded,1.0
Bombay pao,unbranded,1.0
Heeng Papdi 200g,unbranded,1.0
DAILY FRESH MILLETS IDLI AND DOSA BATTER POUCH 1/2KG,unbranded,1.0
MANGO PUREE,unbranded,1.0
Magaj Big,unbranded,1.0
Garbage Bag Big 30X50 Virgin,unbranded,1.0
Red Yellow Capsicum Mixed,unbranded,1.0
Cake Box (7*7*4),unbranded,1.0
Kabuli Channa,unbranded,1.0
Tahina Paste,unbranded,1.0
Lobo - 5 Spice Powder 65 gm 51547,branded,1.0
Sticker Mutton Haleem,unbranded,1.0
Plastic Oven Bowl 2200 ml,unbranded,1.0
Raw Banana- Nos,unbranded,1.0
Disposal Cap (Pkt),unbranded,1.0
Potato Flakes 1kg pkt,unbranded,1.0
DESERT SPOON 12GTIDY,unbranded,1.0
Maggi Seasoning Sauce 680Ml,branded,1.0
Green Chillies,unbranded,1.0
Pizza Base 8 inch Whole Wheat Pan Crust (Junos),branded,1.0
Topper,unbranded,1.0
Staff Subji,unbranded,1.0
Brinjal   Black,unbranded,1.0
#_# Griselda's Red Velvet Sticker (Eggless) - Cookie Cartel,branded,1.0
Canteen Tea Cup (130ML),unbranded,1.0
CHICKEN LEG RAW,unbranded,1.0
TL Slicer Cutter,unbranded,1.0
Fine Sev,unbranded,1.0
R.O Water Bottles (20 Ltrs),unbranded,1.0
#_# XYLITOL Chocolate Hazelnut Icecream (600ML) - Bina,branded,1.0
J and B Rare,branded,1.0
Chlorin Liquid,unbranded,1.0
Golden Dust,unbranded,1.0
#_# Slide Tru Hamper Box OF 4 Outer - The Tiny Tub,unbranded,1.0
Moth / Math Atta - Flour - Moth Beans,unbranded,1.0
Fork PLA 160 mm,unbranded,1.0
Hot Dog Bun 55g L 160mm X W 55mm,unbranded,1.0
Cumin Seeds,unbranded,1.0
PAPAYA,unbranded,1.0
Frozen Fruit Raspberry,unbranded,1.0
Bed Sheet,unbranded,1.0
Twinings strawberry green tea,branded,1.0
CHICKEN KEEMA FOR SEEKH,unbranded,1.0
Fryola Oil,branded,1.0
Madhusudan Butter,branded,1.0
Sweets Pcs. Rasmalai,unbranded,1.0
RED PAPRIKA SLICED -840 GM,unbranded,1.0
Soda Water Kinley 750 ml,branded,1.0
Fresh Milk (Full Cream),unbranded,1.0
Food Colours Splash 200g Assorted,unbranded,1.0
#_# Sticker - Sauce Dip Sticker Crunchy Chilli Oil - Prasuma,branded,1.0
POTATO STARCH,unbranded,1.0
MAPRO BLACK CURRANT 1 LTR,branded,1.0
Paper Cup Holder,unbranded,1.0
BARDINET BRANDY 1000 ML,branded,1.0
#_# Tender Coconut Litchi Ice Pop - Getaway,unbranded,1.0
Number Candles,unbranded,1.0
Papaya,unbranded,1.0
Mixed Veg Pickle (5 kg)-Snacc,branded,1.0
Cooking White Wine 750ml,unbranded,1.0
Cake Base 5.5x5.5 Plain,unbranded,1.0
Oregano Herbs (Seasoning ),unbranded,1.0
Yellow Moong dal,unbranded,1.0
Soda Kinley,branded,1.0
Tandoori Masala Powder,unbranded,1.0
PAPER COVER BROWN -S - CHUTNEY,unbranded,1.0
#_# Mango Biscoff Tub - Sassy Teaspoon,branded,1.0
KALI MASOOR,unbranded,1.0
#_# Plain Milk Chocolate Bar 41% [65 g] - Entisi Chocolatier,branded,1.0
Orange Juice 1 Lltr,unbranded,1.0
SCOTCH BRITE - SOFT SPONGE,branded,1.0
Pickle Mixed 5Kgs Jar,unbranded,1.0
Vinyl Sticker 2x1.5 Ft,unbranded,1.0
Veggie Pizza Pocket,unbranded,1.0
Soyabeen Chunks-Soya Chunks,unbranded,1.0
Pickle Sachet,unbranded,1.0
#_# Sugar Free Coffee Almond Ice Cream Tub (125 ml) - Bina,branded,1.0
COOK POT SS WITH LID 36*20  20LTR,unbranded,1.0
PERFECT NO-BAKE CHEESECAKE MIX (1KG),unbranded,1.0
HAMDARD ROOHAFZA 750ML,branded,1.0
Chef Coat S36  Black Half Sleeve,unbranded,1.0
Fruit Filling Mango Delta,unbranded,1.0
Chocolate Sprinkle,unbranded,1.0
250ML Tea Pouch with Box,unbranded,1.0
Fresh Cream - 250ml,unbranded,1.0
Garlic Bread Seasoning Powder,unbranded,1.0
Aroma Diffuser Liquid,unbranded,1.0
Hot dog 7 inch with seeds,unbranded,1.0
WF - 350 ml Bowl,unbranded,1.0
#_# Blueberry Greek Yogurt Minis Guilt Free Ice Cream [09 pieces] - Noto,branded,1.0
Lychee Juice 1000 Ml,unbranded,1.0
Phool Makana,unbranded,1.0
Pesto Hummus 95gm,unbranded,1.0
12OZ CLEAR PET CUPS,unbranded,1.0
NON-VEG BURGER BUN (1x4),unbranded,1.0
Chef's Art - Crispy Cajun Breading Mix 1 Kg H51176,branded,1.0
Skimmed Milk Powder (SMP) (Milk Protein - 36 percent),unbranded,1.0
Brioche Buns 70g D 100mm X H 45mm,unbranded,1.0
#_# Mustard Seeds Temper/Tadka - Murukku,unbranded,1.0
Maraschino Cherry 737 Gms,unbranded,1.0
Jeera Whole Grade 1,unbranded,1.0
Goodlife Milk 1ltr pkt Nandini,branded,1.0
Unbranded Wooden Spoon- 100pcs,unbranded,1.0
Fortune Aata,branded,1.0
preethi xpro Duo mg-198 1300w,branded,1.0
Chonak,unbranded,1.0
Corn Flour Weikfield,branded,1.0
Tea Powder   Red Label 1kg pkt,branded,1.0
CHUNDAKKAI VATHAL,unbranded,1.0
Fees for plumber,unbranded,1.0
Mother's Day Double Chocolate Brownie box - Blinkit / Instamart,unbranded,1.0
Sharpner,unbranded,1.0
Plastic Ch. Mat,unbranded,1.0
Oat Milk AltCo. 200 ml,branded,1.0
Sauce-Schezwan,unbranded,1.0
Tapioca Starch 500g pkt,unbranded,1.0
Cremica Chef Choice Mayo,branded,1.0
#_# Box of 20 Assorted Ganaches - La Folie,branded,1.0
Red Cherry with Stem 850g Tin,unbranded,1.0
Cashewnuts,unbranded,1.0
Black Container 1000 ml with partition Lid,unbranded,1.0
Cheddar White Wyke 2.5 Kg,branded,1.0
Boba Lychee can,unbranded,1.0
SAUCE MAYONNAISE,unbranded,1.0
Stainless Steel Scrub,unbranded,1.0
Tropicana Orange Juice 1 Ltr,branded,1.0
Malas Orange Crush 750ml,branded,1.0
Citric Acid Monohydrate 500 GM,unbranded,1.0
Chocolate Hamper 812,unbranded,1.0
Basa Fish,unbranded,1.0
Hoegaarden Belgian Blanche,branded,1.0
Water Bottle Mrp 70,unbranded,1.0
Cinnamon Stick Dalchini,unbranded,1.0
DUSTER YELLOW,unbranded,1.0
#_# Guava Pop (70 ML) - Noto,branded,1.0
CHICKEN FRY MIXTURE (CF1),unbranded,1.0
Chicken Broth Powder Knorr,branded,1.0
Kashmir Chili Whole,unbranded,1.0
Sprite 300 ml,branded,1.0
Papaya Green,unbranded,1.0
Tata Agni Dust Tea 1 kg,branded,1.0
Plastic Container (Round) - 250 ml,unbranded,1.0
Urad Wash,unbranded,1.0
Cmc Powder,unbranded,1.0
Cashewnut -2 pcs,unbranded,1.0
Tom Kha Paste 1kg pkt,unbranded,1.0
Mango Juice 1000 Ml,unbranded,1.0
SOUR DOUGH BREAD,unbranded,1.0
95 Die lid,unbranded,1.0
CHAT PLATE 6 INCH,unbranded,1.0
Frozen Sea Bass Fillets,unbranded,1.0
Dosa Rice,unbranded,1.0
Amul Cheese Spread 200 Gm,branded,1.0
Rice Flat Noodle 10mm   500g pkt   How How,branded,1.0
Yellow Color,unbranded,1.0
Spinach,unbranded,1.0
Crispy Chicken Wings- Drums+Flats,unbranded,1.0
DISPOSIBLE GLOVES,unbranded,1.0
Pillar,unbranded,1.0
Mixed Pickle 1 Kg,unbranded,1.0
Chicken Tikka Marinated,unbranded,1.0
MOONG DHULI DAL,unbranded,1.0
A4 SIZE PAPER,unbranded,1.0
Shresth Gold Milk 500 Ml,branded,1.0
Floor Broom- Kharata,unbranded,1.0
Tomato ( For Gravy ),unbranded,1.0
Party Popper 40 CM,unbranded,1.0
Coffee essence,unbranded,1.0
Dosa Batter Chilled,unbranded,1.0
Floor Cleaner 5 Ltr,unbranded,1.0
Wonder Wipes,branded,1.0
Butter Paper - Cassata (r=73mm),unbranded,1.0
Black Fungus,unbranded,1.0
Unbranded Black Pepper Whole 250gm,unbranded,1.0
Cashew Half,unbranded,1.0
Manchurian Balls 500 Gms,unbranded,1.0
Valencia Orange,unbranded,1.0
kikkoman Soya Sauce,branded,1.0
MILK,unbranded,1.0
Truffle Paste (500gm Pack),unbranded,1.0
Elastic thread round black 1.1 MM,unbranded,1.0
Javitri (Mace),unbranded,1.0
Coke Can 300 Ml,branded,1.0
Date Label Sticker,unbranded,1.0
Gas Lighter,unbranded,1.0
#_# Hazelnut Mousse Cake [500 gms] [Gluten Free] - Sassy Teaspoon,branded,1.0
Duster,unbranded,1.0
Rose Loose,unbranded,1.0
GTC Pizza Box 9x9,unbranded,1.0
CHICKEN THIGH BONELESS (80 - 90 gm),unbranded,1.0
Biryani Box Printed Round with Lid (1250 gm),unbranded,1.0
Thai Chilli Paste,unbranded,1.0
Almond Croissant Sticker (TH),unbranded,1.0
BASMATI BIRYANI RICE,unbranded,1.0
Orange/Malta,unbranded,1.0
Multi Fold Tissue,unbranded,1.0
Oyester Sauce- non veg,unbranded,1.0
Coconut Water,unbranded,1.0
Nihari Masala  (Shan),branded,1.0
Sundried Tomatoes in oil,unbranded,1.0
Pili mirch powder / yellow chilli powder,unbranded,1.0
Nihari Masala,unbranded,1.0
Chicken PCP (Bone),unbranded,1.0
Cotton Dusters 21cm X 21cm,unbranded,1.0
PAPER CARRY BAG,unbranded,1.0
Butter Paper 15*15,unbranded,1.0
Wrapper Yellow (12x12) for FLYP,unbranded,1.0
SS GN PAN LID 1/6,unbranded,1.0
IDLY POWDER,unbranded,1.0
RASPBERRY IQF FROZEN,unbranded,1.0
CAPSICUM - Green,unbranded,1.0
Plastic Film Pouch 7*10 80 Mic,unbranded,1.0
Chefs Art - Jamaican Jerk Seasoning 400 gm,branded,1.0
RICE ADA,unbranded,1.0
Chops,unbranded,1.0
Ice Tea Bottle - 250ml,unbranded,1.0
JK Copier A4 Paper,branded,1.0
Tikona Paratha,unbranded,1.0
CHOCOLATE GANACHE (500GM),unbranded,1.0
Green Peas,unbranded,1.0
MUTTON BRAIN 1PCS,unbranded,1.0
Mapro Strawberry  Berry Crush-5 Ltr,branded,1.0
ALUMINIUM CONTAINER LID 750ML,unbranded,1.0
Blueberry Cheesecake Jar,unbranded,1.0
SOYA CHAAP STUFFED SF,unbranded,1.0
Dry Ice,unbranded,1.0
Sugar (Chini),unbranded,1.0
SLEEVES 750 ML BAGASSE CATERSPOINT,branded,1.0
Gold Bark (Leaf),unbranded,1.0
SANDWICH BOX,unbranded,1.0
Amrut fusion single malt whisky 750 ml,branded,1.0
TL Hitachi UX Makeup 800ml,branded,1.0
Monin Peach flavour,branded,1.0
GARBAGE BAG GREEN,unbranded,1.0
GREEN CHILLI,unbranded,1.0
PAPER NAPKIN - 12CM X12 CM - PLAIN - LOCAL - PKT,unbranded,1.0
Note Book 240 Pages,unbranded,1.0
MINERAL WATER BOTTLE 1 LIT SF,unbranded,1.0
KAFFIR LIME,unbranded,1.0
White Pepper MDH 100 Gms,branded,1.0
Water Chestnut In Water 567G,unbranded,1.0
SUGAR SACHET - 5GMS,unbranded,1.0
#_# Baked Oregano Cheese Matthi - Genda Phool,unbranded,1.0
STICKER SALAD,unbranded,1.0
Kesari Color,unbranded,1.0
1200 ML ROUND CONTAINER,unbranded,1.0
MILK AMUL TETRA PACK,branded,1.0
Baked Beans 415 Gm,unbranded,1.0
Paper Straw,unbranded,1.0
Lemon Grass (Green),unbranded,1.0
SOYABEEN RAW,unbranded,1.0
#_# Mysore Chutney Frozen - Murukku,unbranded,1.0
Vanaspati 1kg pkt,unbranded,1.0
Green Grapes,unbranded,1.0
Bayleaf Chounk,unbranded,1.0
JALI MAT 10MM HEAVY,unbranded,1.0
Breakfast Sugar 1Kg,unbranded,1.0
Paper Straws 6mm (100PC),unbranded,1.0
Liquid Glucose,unbranded,1.0
GARLIC WHOLE,unbranded,1.0
Chilled Chicken Thigh Boneless 1 kg (Rsons),branded,1.0
Lemon Leaves Fresh,unbranded,1.0
Mutton currycut,unbranded,1.0
Thermal Paper Roll   Billing,unbranded,1.0
SP Thundercrush French Fries 9mm,unbranded,1.0
Milk Powder Nestle 1 Kg,branded,1.0
RAMPURI MIRCH,unbranded,1.0
PAPER NAPKINS,unbranded,1.0
Vat 69,branded,1.0
Cavity for corrugated box 720ml,unbranded,1.0
Aampanna juice 150ml,unbranded,1.0
Cambro Polycarbonate LID for GN Pan 1/1,branded,1.0
Toned Tetra Milk 1000 ml,unbranded,1.0
Quarry And Tile Floor Cleaner (120X2Oz),unbranded,1.0
Packing tray ( 60x60x25mm ),unbranded,1.0
Tandoori Chicken Masala Powder,unbranded,1.0
Paper Napkin Tissue 16x16 2ply,unbranded,1.0
#_# Cothas Blend Coffee 200 Gm - Murukku,branded,1.0
Icing Sugar Powder,unbranded,1.0
Kumatia,unbranded,1.0
#_# Stirrer - Murukku,unbranded,1.0
White Peas Batani,unbranded,1.0
Diya Oil,unbranded,1.0
#_# Cassata (110 ml) - Go Zero,branded,1.0
Cumin Powder,unbranded,1.0
Butter Chiplet,unbranded,1.0
Coca cola 750ml,branded,1.0
Farali Chevdo (Tikho),unbranded,1.0
Floor Mat,unbranded,1.0
Manager Shirt Pink Size-S,unbranded,1.0
Shot Glass 60Ml,unbranded,1.0
Aluminium Container 750ml with Lid (Outlet),unbranded,1.0
Coconut Dry whole,unbranded,1.0
Meat Masala MDH,branded,1.0
Economy - Staff Toor Dal 1 Kg (Non IP) 131965,unbranded,1.0
#_# Black Ceaser Dough - Cookie Cartel,branded,1.0
AA seal stickers,unbranded,1.0
Dabur Honey,branded,1.0
#_# Tag - Gluten-free Paleo Cookies - Le Four,branded,1.0
Fanta Can 300ml-GST@ 28%,branded,1.0
Fevicol 1 Kg,branded,1.0
Panner Fresh 1 kg,unbranded,1.0
Saffron Kessar,unbranded,1.0
Lid for paperbowl 500ml,unbranded,1.0
Dustbin Cover Small,unbranded,1.0
MUMBAI RAVA 5 KG,unbranded,1.0
Gochujang Sauce,unbranded,1.0
Gochujang 17kg Tin,unbranded,1.0
Garbage Bag Green 30 X50,unbranded,1.0
Green Mustard Microgreen,unbranded,1.0
Palm Jaggery (per kg),unbranded,1.0
Duster Check/Hand,unbranded,1.0
Micks Lotus Biscoff Biscuit,branded,1.0
Grated mozzarella New Onesta,branded,1.0
Quinoa 1 kg,unbranded,1.0
Cheese Block Processed,unbranded,1.0
Amul Fresh Cream 1 Ltr- Exempt,branded,1.0
Duster cloth-Thick Mop,unbranded,1.0
Hand Sanitizer HS 100,unbranded,1.0
Palak paste,unbranded,1.0
Squeeze bottles -  Large,unbranded,1.0
VINEGAR SYNTHETIC 750ML,unbranded,1.0
Salt Black Tiger,unbranded,1.0
Bread Crumb (Orange),unbranded,1.0
Chicken Lollypop Plate,unbranded,1.0
MONIN VANILLA SYRUP 1 L,branded,1.0
FRENCH HEARTS VINYL STICKER SET,unbranded,1.0
Harpic 500 Ml,branded,1.0
Gram Flour/Besan (Motichur),unbranded,1.0
Chicken Galouti,unbranded,1.0
Garbage Bags 29*39,unbranded,1.0
Slider Bun 25GMS x 3'',unbranded,1.0
BLACK PAPER,unbranded,1.0
Millet Dosa Batter - ME,unbranded,1.0
Sesame Seeds White,unbranded,1.0
#_# Baked Salted Caramel Cheesecake - Sassy Teaspoon,branded,1.0
McCain Rosti Round/ Hash Brown 1.5kg,branded,1.0
Sriracha (570gm bottle),unbranded,1.0
#_# Gate Pass Book,unbranded,1.0
CHANA MASALA MDH 100GM,branded,1.0
Tape Dispenser,unbranded,1.0
Pet Jar 6 inch,unbranded,1.0
Rasila Rajma - Outsource,unbranded,1.0
Maida DFM 50 Kg Unbrand,unbranded,1.0
Thums Up 250 ml,branded,1.0
Budweiser Premium,branded,1.0
MOTICHOOR LADDU 250g,unbranded,1.0
Kissan Tomato Sause Dip,branded,1.0
RAGI WHOLE,unbranded,1.0
Cotton pink plan shirt  (Size-XXL),unbranded,1.0
Coffee powder Nescafe 500 gm,branded,1.0
FULL CREAM MILK,unbranded,1.0
Diversey Spray Bottles,branded,1.0
Disposable Paper Glass 150 ml Customized Printed Cups 180 GSM Paper,unbranded,1.0
Dal Tadka Lentils- ( 920 gms ),unbranded,1.0
Kakdi - Cucumber,unbranded,1.0
English Toffee,unbranded,1.0
MTR Sambar,branded,1.0
Rai (Mustard Seed) 100gm,unbranded,1.0
BIRTHDAY CAP BOY,unbranded,1.0
#_# Roasted Chana Dal - Murukku,unbranded,1.0
Taski D9 (5lt),branded,1.0
Truffle Oil Urbani 250 ml,branded,1.0
Kaffir Lime Leaves,unbranded,1.0
Aniseed Whole - Saunf,unbranded,1.0
Chocolate Hamper 1864,unbranded,1.0
Flax Seeds Plain,unbranded,1.0
#_# Wooden Spoon - Amore,unbranded,1.0
Chili Powder 1kg pkt,unbranded,1.0
Strawberry,unbranded,1.0
Gherkin (pickled Cucumber whole),unbranded,1.0
PLASTIC CONTAINER 25ML,unbranded,1.0
Brown Sugar sachet,unbranded,1.0
Jackfruit Cut (kathal),unbranded,1.0
Kasoori Methi Dry 100GM,unbranded,1.0
HONEY GOCHUJANG SAUCE,unbranded,1.0
Non woven bag cinnamon big,unbranded,1.0
Ashok Besan,branded,1.0
AJINO MOTO,branded,1.0
CHILLY POWDER  1KG,unbranded,1.0
Natural Mineral Water Aava 500 ml,branded,1.0
Parmesan Cheese 1kg,unbranded,1.0
Plain Container - Classic Cassata (110 ml),unbranded,1.0
Pink Gel Colour,unbranded,1.0
Stamp Pad Medium Blue,unbranded,1.0
Mogra Staff Rice (Broken Basmati Rice) 30 Kg 138777,unbranded,1.0
Frozen Beans (1Kg),unbranded,1.0
Kaju 4pcs,unbranded,1.0
MDH Pav Bhaji Masala 100 grams,branded,1.0
MINI JAMUN 100g,unbranded,1.0
APRICOT 200 GM PACK,unbranded,1.0
BROWN BUN,unbranded,1.0
#_# Jar - Death By Chocolate - Getaway,unbranded,1.0
#_# Motichur Laddu 500gms - Dadus,branded,1.0
#_# Mop Refill [Wet],unbranded,1.0
Turmeric Powder 500 grams,unbranded,1.0
Chicken Drumstick with Skin - Marinated,unbranded,1.0
Cheese Slice 200nos X 11.35g 2.27 Kg,unbranded,1.0
Chipotle Sauce,unbranded,1.0
SS Round Plate 10 Inch- Order Plate,unbranded,1.0
Coffee and Chocolate Brookies,unbranded,1.0
Milk Premium Farm Fresh 1 Ltr,unbranded,1.0
Pitambari 150 gm,branded,1.0
Cone Blueberry Cheesecake  110 Ml,unbranded,1.0
Raspberry Fruit,unbranded,1.0
GREEN CURRY PASTE NAMJAI 1 KG,branded,1.0
#_# Scissor,unbranded,1.0
AMUL CHEESE SP PLAIN,branded,1.0
2 Cp-Snacc,unbranded,1.0
SAUCE SOYA DARK,unbranded,1.0
#_# Sweet Chilli Sauce 15g - Prasuma,branded,1.0
Jacobs Creek Red 750Ml,branded,1.0
Transfer Notebook,unbranded,1.0
Korean Chilli Powder 300 gm,unbranded,1.0
Fajita Topping,unbranded,1.0
Plastic Storage Boxes - Meduim,unbranded,1.0
Burger Box,unbranded,1.0
Aluminium (Silver) Pouches 6 inch * 9 inch (Pack of 100) 137302,unbranded,1.0
Sugar Regular,unbranded,1.0
SHIKANJI MASALA,unbranded,1.0
Crunchy butterscotch PP 100ML,unbranded,1.0
Tape 1 Inch,unbranded,1.0
Nestle Water (19 Litre),branded,1.0
ALMOND(BADAM),unbranded,1.0
QT Rail,unbranded,1.0
Chick peas,unbranded,1.0
SUGAR,unbranded,1.0
Kitchen King MDH 100 Gm- GST @ 5%,branded,1.0
Chilly Byadagi,unbranded,1.0
MANGO JUICE 1 LTR,unbranded,1.0
Lettuce Lollo Rosso,unbranded,1.0
American corn Sweet (per piece),unbranded,1.0
Shimeji Mushrooms,unbranded,1.0
BOOKLET - LEAVE APPLICATION,unbranded,1.0
#_# Prasuma FS Tandoori Veg Momos - Prasuma,branded,1.0
#_# French Vanilla (500 ml) - Go Zero,branded,1.0
IDLY RAWA,unbranded,1.0
Budweiser 330Ml,branded,1.0
BREAD CRUMBS,unbranded,1.0
Air Freshener Godrej,branded,1.0
Spice-Dhaniya seeds,unbranded,1.0
Sandburgs Truffle Barbeque sauce (500 gram),branded,1.0
SEED POPPY,unbranded,1.0
Pork Red Meat,unbranded,1.0
Full Box / Big Box,unbranded,1.0
Star Papad,unbranded,1.0
NUTS CASHEW 4PCS,unbranded,1.0
Dry Wash Floor mat - Big,unbranded,1.0
A4 Sheet,unbranded,1.0
#_# Strawberry Kulfi 300gm - Parsi Dairy Farm,branded,1.0
Golgappa Sooji,unbranded,1.0
Pril Liquid,branded,1.0
RED COLOUR,unbranded,1.0
T-shirt - M size,unbranded,1.0
Thin Filo Dough For Sweet 450 gms,unbranded,1.0
#_# Pink Dome Box 1/2 Kg - Sassy Teaspoon,branded,1.0
Silicon Dioxide,unbranded,1.0
Wild Rocket Micro 100 gm,unbranded,1.0
Sunflower Oil,unbranded,1.0
Dried Shiitake mushroom 1kg,unbranded,1.0
NONBROMITE BREAD IMPROVER 1 KG 0157,unbranded,1.0
Kombu Leaf Dried 1kg pkt,unbranded,1.0
MDH Kashmiri Chilli Powder 100 grams,branded,1.0
ONION RINGS (PB),unbranded,1.0
#_# Cookies and Cream Ice-cream Tub (100ml) - Meemees,branded,1.0
Luster Dust Royal Gold,unbranded,1.0
Sauce-Peri peri,unbranded,1.0
Coriander Green,unbranded,1.0
Water Chestnuts,unbranded,1.0
Monin Raspberry,branded,1.0
White Raddish,unbranded,1.0
Polyester Label Sticker (4x2 Inc Red) Non veg,unbranded,1.0
Nitrile Hand Gloves (1box = 100 gloves),unbranded,1.0
Pizza Cheese,unbranded,1.0
Sarwar Onion Powder 450gm,branded,1.0
Veg Spring Roll (pack of 25Pcs),unbranded,1.0
Cherry Tomato,unbranded,1.0
CREAM,unbranded,1.0
Container Paper Printed 250 ML ( dia 116 ) with LID,unbranded,1.0
Tropicana Mango Juice 1Ltr,branded,1.0
A5 Voucher Leaflet,unbranded,1.0
#_# Modak - Murukku,unbranded,1.0
Floor Duster (Pocha),unbranded,1.0
Monin Blue Curaco 700 ml,branded,1.0
Piri Piri Seasoning,unbranded,1.0
Carry Bag Paper 1Kg Printing,unbranded,1.0
AACHI KULAMBU MILAKAI STAFF,branded,1.0
Goat Cheese,unbranded,1.0
Hazelnut Brownie Outer Sticker (CBTL),unbranded,1.0
TT RIBBAN J304 (110MM X 300MTR),unbranded,1.0
Sweets Milk Barfi Red Velvet,unbranded,1.0
Rich Whipping Cream Gold,unbranded,1.0
HALDI POWDER,unbranded,1.0
Maggi Cubes Chicken,branded,1.0
Cake Card 6,unbranded,1.0
Ker Sangri,unbranded,1.0
SAKURA DRIED SHITAKE MUSHROOM,unbranded,1.0
#_# Tomato Chutney Frozen - Murukku,unbranded,1.0
#_# Tar Brush (Dosa Bhatti),unbranded,1.0
RED CABBAGE,unbranded,1.0
Fresh Button Mushroom (200GM),unbranded,1.0
Salad Oil 500mL,unbranded,1.0
Biryani Rice(1121 XXXL),unbranded,1.0
LAVA CAKE LID,unbranded,1.0
Brown Onion Grinded,unbranded,1.0
Onion Sambar,unbranded,1.0
500 Ml Round Container With Lids (White),unbranded,1.0
Panini Bread Outer Sticker (CBTL),unbranded,1.0
Chineese Cabbage,unbranded,1.0
Spray Bottle with Trigger (750 ML),unbranded,1.0
Frozen orange,unbranded,1.0
Rice flour Vijay 1KG-SNACC,branded,1.0
Designer Dummy,unbranded,1.0
MONIN HAZELNUT SYRUP 1LTR,branded,1.0
Carrot Beans Poriyal(ME)-A-BAN,unbranded,1.0
Corona Lager Beer 330 ml,branded,1.0
#_# Misti Doi 100gm - Parsi Dairy Farm,branded,1.0
Thai Tea Mix 400g packet Chatramue,branded,1.0
100 ML PAPER  Container,unbranded,1.0
Lamb Rack Cap Off 1 Pkt,unbranded,1.0
#_# Sticker - Sauce Dip Sticker Tangy Thai Tom Yum Sauce - Prasuma,branded,1.0
Outer Bag SOS 70 GSM - Snacc,branded,1.0
Prawns 40/50 C,unbranded,1.0
Filter Coffee Powder,unbranded,1.0
DAILY FRESH SPROUTED PESARATTU BATTER POUCH 1/2KG,unbranded,1.0
Harpic 500 ml,branded,1.0
Butter Croissant-Snacc,unbranded,1.0
ITC Long Note Book 160 pages hard,branded,1.0
MS FRYPAN 14,unbranded,1.0
Spice-Peri peri seasoning,unbranded,1.0
WALNUT,unbranded,1.0
BLACK OLIVE 3KG,unbranded,1.0
SCOTCH BRITE (4 IN 1),branded,1.0
UCC 2door 3drawer + raised BM + 1/6gnx6,unbranded,1.0
Ketel One Vodka 750 ml,branded,1.0
GLASS PET 350 - PAPER,unbranded,1.0
WALNUT BROKEN 1 KG,unbranded,1.0
Laddle Chinese with wooden handle 4 inch,unbranded,1.0
Butter Chicken Nuggets,unbranded,1.0
Hoegaarden,branded,1.0
POUCH 200MM X 250MM - Poly Pet - With Barrier (12/70),unbranded,1.0
Oregano Herb 1 Kg,unbranded,1.0
Coca Cola 180ML (Pack of 36PCS),branded,1.0
French Fries 11mm 2.5 Kg,unbranded,1.0
Basil,unbranded,1.0
Pickle Andhra,unbranded,1.0
Shower Gel 5Ltr,unbranded,1.0
COOKIES JAR WITH LID (46 Pcs),unbranded,1.0
Kashmiri Mirch Aakhu - Red Chilly Whole Kashmiri,unbranded,1.0
Refined Oil,unbranded,1.0
RICE DOSA,unbranded,1.0
#_# Curry Leaves,unbranded,1.0
Pizza Platter Butter Paper 16*9,unbranded,1.0
#_# Chocolate Coated Salted Pistachio Dragees Jar [120 grams] - Entisi Chocolatier,branded,1.0
Paper Billing Rolls,unbranded,1.0
Q-com Teacake Blister Tray,branded,1.0
Staff tea,unbranded,1.0
Garnish Tray Plastic 9 Insert,unbranded,1.0
Whole Wheat Penne Pasta,unbranded,1.0
bakery paper bags,unbranded,1.0
MOTICHOOR LADDU 500g,unbranded,1.0
Newyork Cheese Filling,unbranded,1.0
N20 Whipped Cream Chargers,unbranded,1.0
WHITE PITTA BREAD (1pcs),unbranded,1.0
Chicken Box (Small),unbranded,1.0
dhaniya whole,unbranded,1.0
Light Soya Sauce,unbranded,1.0
Walnut whole Super (2 Pcs),unbranded,1.0
YU001517 Sensor Magnetiv 2 Nc,unbranded,1.0
#_# Frozen Chonk O Rocher - Chonkers,unbranded,1.0
Baby Rawas,unbranded,1.0
Ghee Pure 500 Ml,unbranded,1.0
Sriracha Hot Chilli Sauce Flying Goose 730 gm,branded,1.0
ANGOSTURA Aromatic bitters (200ML),branded,1.0
Purple Cabbage,unbranded,1.0
Plum Essence,unbranded,1.0
Safed mirchi,unbranded,1.0
Royal Challenge,branded,1.0
Canteen Drink Box (250GSM) SBS,unbranded,1.0
Makhana,unbranded,1.0
PP Bag 12x18 Inch,unbranded,1.0
#_# Big Bag - Stroopie,unbranded,1.0
VKL- Peri Peri Marinade 1Kg,unbranded,1.0
Nimbu (Lemon),unbranded,1.0
Black Cardamom 250gm,unbranded,1.0
Possmei Passion Fruit Syrup 2.5Kg bottle,branded,1.0
MOTI ELAICHI,unbranded,1.0
Bagasse Burger BOX  WIDE BASE,unbranded,1.0
Kimirica White Gold Tooth Brush pack,branded,1.0
Sipper Cup 300ml,unbranded,1.0
#_# Cheese (Melted) - Prasuma,branded,1.0
Wet Wipes,unbranded,1.0
Mackeral 6/8,unbranded,1.0
White sesame Seeds 100G - Sancc,branded,1.0
Mouth Freshner Pkt,unbranded,1.0
urad dal,unbranded,1.0
Nutrela (1pkt),branded,1.0
Paper Printed Kebab Box 6 Compartment,unbranded,1.0
CHULLA,unbranded,1.0
ROSTED CHANA DAL,unbranded,1.0
Finagel,branded,1.0
Ajwain Whole,unbranded,1.0
Moong Dal - Grade 1 (Fine),unbranded,1.0
Tastecraft Pistachio Flavoured Syrup 750ml,branded,1.0
Tandoori Tikka Masala,unbranded,1.0
Paper A4,unbranded,1.0
#_# Cube Pouches - Entisi Chocolatier,branded,1.0
variyali,unbranded,1.0
Danish White Feta 500GM,unbranded,1.0
Corrugated Box Small,unbranded,1.0
Wooden Spoon (100PCs Each),unbranded,1.0
Brown Packing Tape 2 Inch,unbranded,1.0
Gochujang Paste 500gm pkt,unbranded,1.0
Silver Pouch,unbranded,1.0
#_# Eggless Chocolate Chip Pound Cake - Sweetish,unbranded,1.0
Elephant Yam,unbranded,1.0
Bandan Cap,unbranded,1.0
BREAD SANDWICH,unbranded,1.0
T65  CAKE FLOUR,unbranded,1.0
#_# Naga Chilli Sauce - Prasuma,branded,1.0
Paper Plate,unbranded,1.0
Broccoli  incremental 0.5 10301,unbranded,1.0
EGG FREE RED VELVET CAKE MIX,unbranded,1.0
Tata Salt 1kg,branded,1.0
Kesar Kaju Katli 500 Gms Gold Foil Cover,unbranded,1.0
Dust pan (dust pan-20),unbranded,1.0
Mozzarella Cheese - Flanders,unbranded,1.0
Colin (Glass Cleaner),branded,1.0
Bulgogi Sauce,unbranded,1.0
TORCH BLOW COOKING,unbranded,1.0
Side Box (Crunch),unbranded,1.0
Monin Peach Syrup,branded,1.0
T-SHIRT BLACK-L,unbranded,1.0
Italian Focassia Polly Bag 8 x 10 Inch,unbranded,1.0
Seafood-Basa,unbranded,1.0
