decision_type,decision_key,titles_cleared,current_label,confidence,p_maker,p_generic_use,p_alt_meaning,p_recognized,why_grey,example_titles,human_label
entity,murukku,8,branded,0.5,0.9993,0.3849,0.7607,,probe conflict,#_# Asafoetida / Hing - murukku; Butter Murkku; #_# Mustard Seeds Temper/Tadka - Murukku; #_# Mysore Chutney Frozen - Murukku; #_# Stirrer - Murukku; #_# Roasted Chana Dal - Murukku,
entity,cello,3,branded,0.5927,0.906,0.4073,0.0219,,weak agreement,CELLO TAPE BIG PLAIN 3 INCH; Cello Tape 1; Cello Tape Green,
entity,papad,2,branded,0.5,0.6442,1.0,0.9997,,probe conflict,Papad ( Big); PAPER COVER BROWN - PAPAD,
entity,poly,2,branded,0.5,0.9417,0.8267,0.1052,,probe conflict,Poly Veg logo1500&#215;23; Italian Focassia Polly Bag 8 x 10 Inch,
entity,gendaphool,2,branded,0.5,1.0,0.0,0.7691,,probe conflict,#_# Kesar Peda 500gms - Genda Phool; #_# Baked Oregano Cheese Matthi - Genda Phool,
entity,think,2,branded,0.5,0.9815,0.5312,0.0044,,probe conflict,Noodle ( Thin Vala ); Thin Filo Dough For Sweet 450 gms,
entity,canteen,2,branded,0.5,0.9892,0.0003,0.9604,,probe conflict,Canteen Tea Cup (130ML); Canteen Drink Box (250GSM) SBS,
entity,party,2,branded,0.5,0.8439,0.9998,0.9996,,probe conflict,Party Popper 40 CM; TG-Party Snacks 35G Pouch,
entity,cucumber,2,branded,0.5,0.9944,1.0,1.0,,probe conflict,Kakdi - Cucumber; Gherkin (pickled Cucumber whole),
entity,wet,2,branded,0.5,0.8333,1.0,1.0,,probe conflict,#_# Mop Refill [Wet]; Wet Wipes,
entity,spice,2,branded,0.5,0.9993,0.9969,0.9982,,probe conflict,Spice-Dhaniya seeds; Spice-Peri peri seasoning,
entity,daily,2,branded,0.752,0.9489,0.0006,0.248,,weak agreement,DAILY FRESH MILLETS IDLI AND DOSA BATTER POUCH 1/2KG; DAILY FRESH SPROUTED PESARATTU BATTER POUCH 1/2KG,
entity,wonder,2,branded,0.7957,0.9995,0.0003,0.2043,,weak agreement,Wonder Wipes; Wonder Wipe (3pc),
entity,vkl,2,branded,0.8,0.9999,0.0,0.0,0.0851,recognition-capped,VKL PERI PERI MARINADE; VKL- Peri Peri Marinade 1Kg,
entity,flyp,2,branded,0.8,0.9997,0.0,0.0,0.0408,recognition-capped,Paper Cup 350ml (10'' Oz) FLYP; Wrapper Yellow (12x12) for FLYP,
entity,oyester,2,branded,0.8,0.9019,0.0108,0.0055,0.0001,recognition-capped,Oyester Sauce- non veg; Polyester Label Sticker (4x2 Inc Red) Non veg,
entity,coca,2,branded,0.8,0.9838,0.0,0.0,0.061,recognition-capped,Coca cola 750ml; Coca Cola 180ML (Pack of 36PCS),
entity,chuk,2,branded,0.8,0.9994,0.0024,0.0016,0.0503,recognition-capped,7 inch Plate Chuk; Chuk Plate 11,
entity,royal,2,branded,0.8311,0.9972,0.1689,0.1112,,weak agreement,Luster Dust Royal Gold; Royal Challenge,
entity,kanga,1,branded,0.5,0.5583,0.0122,0.5156,,probe conflict,Sweetpotato (Kanga),
entity,aanch,1,branded,0.5,0.9937,0.0,0.6334,,probe conflict,AANCH COVER,
entity,kobij,1,branded,0.5,0.9866,0.8222,0.8311,,probe conflict,Kobij-Cabbage,
entity,momo,1,branded,0.5,0.9878,1.0,0.9892,,probe conflict,Momo Steamer,
entity,mithainamkeen,1,branded,0.5,0.9999,0.1385,0.9853,,probe conflict,Flexible Plastic Bags ( 5kg Small Size - Mithai & Namkeen),
entity,jau,1,branded,0.5,0.7372,1.0,0.9763,,probe conflict,Jau / Ghat,
entity,gud,1,branded,0.5,0.9649,0.0815,0.5429,,probe conflict,Gud,
entity,chounk,1,branded,0.5,0.9993,0.0152,0.6689,,probe conflict,Turmeric (Haldi) Powder Chounk,
entity,topper,1,branded,0.5,0.8397,0.6926,0.461,,probe conflict,Topper,
entity,mothbeans,1,branded,0.5,0.9981,0.9939,0.9997,,probe conflict,Moth / Math Atta - Flour - Moth Beans,
entity,chutney,1,branded,0.5,0.9946,1.0,0.9999,,probe conflict,PAPER COVER BROWN -S - CHUTNEY,
entity,aroma,1,branded,0.5,0.9674,0.9906,0.7154,,probe conflict,Aroma Diffuser Liquid,
entity,pillar,1,branded,0.5,0.8775,0.002,0.6406,,probe conflict,Pillar,
entity,shresth,1,branded,0.5,1.0,0.0,0.5813,,probe conflict,Shresth Gold Milk 500 Ml,
entity,cassatar73mm,1,branded,0.5,0.9848,0.9702,0.1112,,probe conflict,Butter Paper - Cassata (r=73mm),
entity,amrut,1,branded,0.5,1.0,0.0,0.6758,,probe conflict,Amrut fusion single malt whisky 750 ml,
entity,ganga,1,branded,0.5,0.7718,0.0,0.7461,,probe conflict,ATTA GANGA,
entity,bayleaf,1,branded,0.5,0.9707,0.2069,0.9019,,probe conflict,Bayleaf Chounk,
entity,jali,1,branded,0.5,0.5851,0.9974,0.9977,,probe conflict,JALI MAT 10MM HEAVY,
entity,kumatia,1,branded,0.5,0.852,0.8808,0.1461,,probe conflict,Kumatia,
entity,tikho,1,branded,0.5,0.8199,0.9983,0.7827,,probe conflict,Farali Chevdo (Tikho),
entity,saunf,1,branded,0.5,0.9344,0.9997,1.0,,probe conflict,Aniseed Whole - Saunf,
entity,transfer,1,branded,0.5,0.9433,0.0759,0.9693,,probe conflict,Transfer Notebook,
entity,meduim,1,branded,0.5,0.9173,0.7432,0.0013,,probe conflict,Plastic Storage Boxes - Meduim,
entity,leaveapplication,1,branded,0.5,0.9998,0.4225,0.9112,,probe conflict,BOOKLET - LEAVE APPLICATION,
entity,jain,1,branded,0.5,0.9955,0.0028,0.9868,,probe conflict,Jain Hing Powder,
entity,withbarrier1270,1,branded,0.5,0.9943,0.9592,0.0015,,probe conflict,POUCH 200MM X 250MM - Poly Pet - With Barrier (12/70),
entity,plum,1,branded,0.5,0.539,0.3522,0.9649,,probe conflict,Plum Essence,
entity,moth,1,branded,0.5,0.6151,0.9997,0.5851,,probe conflict,Mouth Freshner Pkt,
entity,grade1fine,1,branded,0.5,0.7491,0.9975,0.9968,,probe conflict,Moong Dal - Grade 1 (Fine),
title,T Shirt Black NM M38,1,unbranded,0.5,,,,,title-probe uncertain,T Shirt Black NM M38,
title,Korean LTO Menu,1,unbranded,0.5,,,,,title-probe uncertain,Korean LTO Menu,
title,Triplesec,1,unbranded,0.5,,,,,title-probe uncertain,Triplesec,
title,Good Night Machine,1,unbranded,0.5,,,,,title-probe uncertain,Good Night Machine,
title,Biryani Handi 750 GM,1,unbranded,0.5,,,,,title-probe uncertain,Biryani Handi 750 GM,
title,Kit Kat,1,unbranded,0.5,,,,,title-probe uncertain,Kit Kat,
title,Amla Sabut Herble,1,unbranded,0.5,,,,,title-probe uncertain,Amla Sabut Herble,
title,Wooden Cutlery Kit,1,unbranded,0.5,,,,,title-probe uncertain,Wooden Cutlery Kit,
title,Unbranded Spray Gun,1,unbranded,0.5,,,,,title-probe uncertain,Unbranded Spray Gun,
title,UH ZUCCHINI GREENSMALL DICE1 KG / BAG,1,unbranded,0.5,,,,,title-probe uncertain,UH ZUCCHINI GREENSMALL DICE1 KG / BAG,
title,Milk Compound Slab M21,1,unbranded,0.5,,,,,title-probe uncertain,Milk Compound Slab M21,
title,Mangoes (Sindhura) X1KG,1,unbranded,0.5,,,,,title-probe uncertain,Mangoes (Sindhura) X1KG,
title,Premix Egg Free Chocolate Make: pillsbury,1,unbranded,0.5,,,,,title-probe uncertain,Premix Egg Free Chocolate Make: pillsbury,
title,Burata Cheese 250 Grm,1,unbranded,0.5,,,,,title-probe uncertain,Burata Cheese 250 Grm,
title,Hand Sanitizer,1,unbranded,0.5,,,,,title-probe uncertain,Hand Sanitizer,
title,San Marzano - Pomace Olive Oil,1,unbranded,0.5,,,,,title-probe uncertain,San Marzano - Pomace Olive Oil,
title,200m Tie,1,unbranded,0.5,,,,,title-probe uncertain,200m Tie,
title,N_4  Pet Jar Lid,1,unbranded,0.5,,,,,title-probe uncertain,N_4  Pet Jar Lid,
title,Hand Wash 5 Ltr Can,1,unbranded,0.5,,,,,title-probe uncertain,Hand Wash 5 Ltr Can,
title,Hand Rub,1,unbranded,0.5,,,,,title-probe uncertain,Hand Rub,
title,Dark Compound Co D15 500Gms,1,unbranded,0.5,,,,,title-probe uncertain,Dark Compound Co D15 500Gms,
title,MANGO PUREE,1,unbranded,0.5,,,,,title-probe uncertain,MANGO PUREE,
title,J and B Rare,1,unbranded,0.5,,,,,title-probe uncertain,J and B Rare,
title,Golden Dust,1,unbranded,0.5,,,,,title-probe uncertain,Golden Dust,
title,Ajinomato,1,unbranded,0.5,,,,,title-probe uncertain,Ajinomato,
title,Food Colours Splash 200g Assorted,1,unbranded,0.5,,,,,title-probe uncertain,Food Colours Splash 200g Assorted,
title,PERFECT NO-BAKE CHEESECAKE MIX (1KG),1,unbranded,0.5,,,,,title-probe uncertain,PERFECT NO-BAKE CHEESECAKE MIX (1KG),
title,Fruit Filling Mango Delta,1,unbranded,0.5,,,,,title-probe uncertain,Fruit Filling Mango Delta,
title,12OZ CLEAR PET CUPS,1,unbranded,0.5,,,,,title-probe uncertain,12OZ CLEAR PET CUPS,
title,Unbranded Wooden Spoon- 100pcs,1,unbranded,0.5,,,,,title-probe uncertain,Unbranded Wooden Spoon- 100pcs,
title,preethi xpro Duo mg-198 1300w,1,unbranded,0.5,,,,,title-probe uncertain,preethi xpro Duo mg-198 1300w,
title,Tea Powder   Red Label 1kg pkt,1,unbranded,0.5,,,,,title-probe uncertain,Tea Powder   Red Label 1kg pkt,
title,Water Bottle Mrp 70,1,unbranded,0.5,,,,,title-probe uncertain,Water Bottle Mrp 70,
title,95 Die lid,1,unbranded,0.5,,,,,title-probe uncertain,95 Die lid,
title,Unbranded Black Pepper Whole 250gm,1,unbranded,0.5,,,,,title-probe uncertain,Unbranded Black Pepper Whole 250gm,
title,Iceberg,1,unbranded,0.5,,,,,title-probe uncertain,Iceberg,
title,Date Label Sticker,1,unbranded,0.5,,,,,title-probe uncertain,Date Label Sticker,
title,RED LABEL TEA (1 KG),1,unbranded,0.5,,,,,title-probe uncertain,RED LABEL TEA (1 KG),
title,RASPBERRY IQF FROZEN,1,unbranded,0.5,,,,,title-probe uncertain,RASPBERRY IQF FROZEN,
title,JK Copier A4 Paper,1,unbranded,0.5,,,,,title-probe uncertain,JK Copier A4 Paper,
title,Sauce Chilli Green Tops,1,unbranded,0.5,,,,,title-probe uncertain,Sauce Chilli Green Tops,
title,Gold Bark (Leaf),1,unbranded,0.5,,,,,title-probe uncertain,Gold Bark (Leaf),
title,Breakfast Sugar 1Kg,1,unbranded,0.5,,,,,title-probe uncertain,Breakfast Sugar 1Kg,
title,Toned Tetra Milk 1000 ml,1,unbranded,0.5,,,,,title-probe uncertain,Toned Tetra Milk 1000 ml,
title,Butter Chiplet,1,unbranded,0.5,,,,,title-probe uncertain,Butter Chiplet,
title,Manager Shirt Pink Size-S,1,unbranded,0.5,,,,,title-probe uncertain,Manager Shirt Pink Size-S,
title,Aluminium Container 750ml with Lid (Outlet),1,unbranded,0.5,,,,,title-probe uncertain,Aluminium Container 750ml with Lid (Outlet),
title,Panner Fresh 1 kg,1,unbranded,0.5,,,,,title-probe uncertain,Panner Fresh 1 kg,
title,MUMBAI RAVA 5 KG,1,unbranded,0.5,,,,,title-probe uncertain,MUMBAI RAVA 5 KG,
title,Garbage Bag Green 30 X50,1,unbranded,0.5,,,,,title-probe uncertain,Garbage Bag Green 30 X50,
title,Duster Check/Hand,1,unbranded,0.5,,,,,title-probe uncertain,Duster Check/Hand,
title,Hand Sanitizer HS 100,1,unbranded,0.5,,,,,title-probe uncertain,Hand Sanitizer HS 100,
title,Salt Black Tiger,1,unbranded,0.5,,,,,title-probe uncertain,Salt Black Tiger,
title,Pet Jar 6 inch,1,unbranded,0.5,,,,,title-probe uncertain,Pet Jar 6 inch,
title,Maida DFM 50 Kg Unbrand,1,unbranded,0.5,,,,,title-probe uncertain,Maida DFM 50 Kg Unbrand,
title,Maida Kesari Brand 50kgs,1,unbranded,0.5,,,,,title-probe uncertain,Maida Kesari Brand 50kgs,
title,Mogra Staff Rice (Broken Basmati Rice) 30 Kg 138777,1,unbranded,0.5,,,,,title-probe uncertain,Mogra Staff Rice (Broken Basmati Rice) 30 Kg 138777,
title,SS Round Plate 10 Inch- Order Plate,1,unbranded,0.5,,,,,title-probe uncertain,SS Round Plate 10 Inch- Order Plate,
title,Milk Premium Farm Fresh 1 Ltr,1,unbranded,0.5,,,,,title-probe uncertain,Milk Premium Farm Fresh 1 Ltr,
title,RTE-Seths - Chinese Ready Schezwan Sauce (Frozen) 1 Kg,1,unbranded,0.5,,,,,title-probe uncertain,RTE-Seths - Chinese Ready Schezwan Sauce (Frozen) 1 Kg,
title,#_# Scissor,1,unbranded,0.5,,,,,title-probe uncertain,#_# Scissor,
title,"RTE-Seths - Chinese Ready Schezwan Sauce (Frozen), 1 Kg BB0009",1,unbranded,0.5,,,,,title-probe uncertain,"RTE-Seths - Chinese Ready Schezwan Sauce (Frozen), 1 Kg BB0009",
title,NONBROMITE BREAD IMPROVER 1 KG 0157,1,unbranded,0.5,,,,,title-probe uncertain,NONBROMITE BREAD IMPROVER 1 KG 0157,
title,Nitrile Hand Gloves (1box = 100 gloves),1,unbranded,0.5,,,,,title-probe uncertain,Nitrile Hand Gloves (1box = 100 gloves),
title,SAKURA DRIED SHITAKE MUSHROOM,1,unbranded,0.5,,,,,title-probe uncertain,SAKURA DRIED SHITAKE MUSHROOM,
title,#_# Tar Brush (Dosa Bhatti),1,unbranded,0.5,,,,,title-probe uncertain,#_# Tar Brush (Dosa Bhatti),
title,Carrot Beans Poriyal(ME)-A-BAN,1,unbranded,0.5,,,,,title-probe uncertain,Carrot Beans Poriyal(ME)-A-BAN,
title,GLASS PET 350 - PAPER,1,unbranded,0.5,,,,,title-probe uncertain,GLASS PET 350 - PAPER,
title,Ziplock Bags,1,unbranded,0.5,,,,,title-probe uncertain,Ziplock Bags,
title,Newyork Cheese Filling,1,unbranded,0.5,,,,,title-probe uncertain,Newyork Cheese Filling,
title,N20 Whipped Cream Chargers,1,unbranded,0.5,,,,,title-probe uncertain,N20 Whipped Cream Chargers,
title,Ghee Pure 500 Ml,1,unbranded,0.5,,,,,title-probe uncertain,Ghee Pure 500 Ml,
title,Slider Bun 25GMS x 3'',1,unbranded,0.5078,,,,,title-probe uncertain,Slider Bun 25GMS x 3'',
title,Side Box (Crunch),1,unbranded,0.5078,,,,,title-probe uncertain,Side Box (Crunch),
entity,w33,1,branded,0.5234,0.5234,0.0003,0.0,,weak agreement,MF White Compound CO W33,
entity,real,1,branded,0.539,0.539,0.0,0.0716,,weak agreement,Real Pineapple Juice,
entity,yu001517,1,branded,0.539,0.539,0.0008,0.0,,weak agreement,YU001517 Sensor Magnetiv 2 Nc,
title,Lettuce Lollo Rosso,1,unbranded,0.5429,,,,,title-probe uncertain,Lettuce Lollo Rosso,
entity,cleanedcrate,1,branded,0.5622,0.5622,0.0072,0.0002,,weak agreement,UH GREEN CAPSICUMWHOLE CLEANEDCRATE,
title,Quarry And Tile Floor Cleaner (120X2Oz),1,unbranded,0.5622,,,,,title-probe uncertain,Quarry And Tile Floor Cleaner (120X2Oz),
title,Cmc Powder,1,unbranded,0.5699,,,,,title-probe uncertain,Cmc Powder,
title,Laddle Chinese with wooden handle 4 inch,1,unbranded,0.5699,,,,,title-probe uncertain,Laddle Chinese with wooden handle 4 inch,
entity,khoyapindi1kg,1,branded,0.5775,0.9981,0.4225,0.0601,,weak agreement,Shudh Garhwal - Khoya Pindi 1KG,
title,ROSE MARY,1,unbranded,0.5775,,,,,title-probe uncertain,ROSE MARY,
entity,chat,1,branded,0.5813,0.7372,0.1112,0.4187,,weak agreement,CHAT PLATE 6 INCH,
title,EGGFREE TEA TIME VANILLA MUFFIN,1,unbranded,0.5851,,,,,title-probe uncertain,EGGFREE TEA TIME VANILLA MUFFIN,
entity,pcp,1,branded,0.6077,0.6077,0.0066,0.0,,weak agreement,Chicken PCP (Bone),
title,#_# Gate Pass Book,1,unbranded,0.6077,,,,,title-probe uncertain,#_# Gate Pass Book,
title,Rich Whipping Cream Gold,1,unbranded,0.6151,,,,,title-probe uncertain,Rich Whipping Cream Gold,
title,Kesar Kaju Katli 500 Gms Gold Foil Cover,1,unbranded,0.6151,,,,,title-probe uncertain,Kesar Kaju Katli 500 Gms Gold Foil Cover,
title,Diya Oil,1,unbranded,0.637,,,,,title-probe uncertain,Diya Oil,
title,Orange Juice 1 Lltr,1,unbranded,0.6478,,,,,title-probe uncertain,Orange Juice 1 Lltr,
title,Tikona Paratha,1,unbranded,0.6549,,,,,title-probe uncertain,Tikona Paratha,
entity,stroopie,1,branded,0.6584,1.0,0.0014,0.3416,,weak agreement,#_# Big Bag - Stroopie,
title,#_# Stapler,1,unbranded,0.6584,,,,,title-probe uncertain,#_# Stapler,
title,340 MM BOPP ROLL,1,unbranded,0.6654,,,,,title-probe uncertain,340 MM BOPP ROLL,
entity,pine,1,branded,0.6689,0.9615,0.0006,0.3311,,weak agreement,Blue Pine Artesian Water - 750 ML - GST @18 %,
title,KESAR,1,unbranded,0.6792,,,,,title-probe uncertain,KESAR,
title,Kesari Color,1,unbranded,0.6792,,,,,title-probe uncertain,Kesari Color,
title,Saffron Kessar,1,unbranded,0.6792,,,,,title-probe uncertain,Saffron Kessar,
entity,how,1,branded,0.6859,0.6859,0.0002,0.0002,,weak agreement,Rice Flat Noodle 10mm   500g pkt   How How,
entity,noodal,1,branded,0.7122,0.7122,0.0128,0.0637,,weak agreement,SS  NOODAL CHANNI,
entity,star,1,branded,0.7122,0.979,0.0447,0.2878,,weak agreement,Star Papad,
entity,ananda,1,branded,0.7122,0.9999,0.0,0.2878,,weak agreement,ANANDA PANEER 1 KG,
title,Stone Flower(Dagad Phool),1,unbranded,0.7154,,,,,title-probe uncertain,Stone Flower(Dagad Phool),
title,Baby Rawas,1,unbranded,0.7311,,,,,title-probe uncertain,Baby Rawas,
entity,trust,1,branded,0.7432,0.7432,0.0002,0.0002,,weak agreement,Breakfast Sugar Trust 1 Kg,
title,Mackeral 6/8,1,unbranded,0.7461,,,,,title-probe uncertain,Mackeral 6/8,
entity,crown,1,branded,0.7549,0.7549,0.001,0.009,,weak agreement,Ajinomoto (Golden Crown),
title,IDLY RAWA,1,unbranded,0.7578,,,,,title-probe uncertain,IDLY RAWA,
title,InWard Register,1,unbranded,0.7718,,,,,title-probe uncertain,InWard Register,
title,Dust pan (dust pan-20),1,unbranded,0.7718,,,,,title-probe uncertain,Dust pan (dust pan-20),
entity,tues,1,branded,0.7773,0.7773,0.0008,0.0583,,weak agreement,COLOUR CODE DOTT TUES,
title,STICKER SHEEK KABAB,1,unbranded,0.78,,,,,title-probe uncertain,STICKER SHEEK KABAB,
title,Chavali Red,1,unbranded,0.7827,,,,,title-probe uncertain,Chavali Red,
entity,chapad,1,branded,0.7931,0.7931,0.2018,0.0216,,weak agreement,CHAPAD HEAVY,
entity,row,1,branded,0.8,0.9777,0.0002,0.0004,0.0007,recognition-capped,ROW - Barcode Lable 50mmX25mm Non Tearable,
entity,voila,1,branded,0.8,0.8559,0.0001,0.0058,0.0264,recognition-capped,Silken Tofu 300g Voila,
entity,afza,1,branded,0.8,0.9408,0.0034,0.0454,0.1225,recognition-capped,ROOH AFZA,
entity,sumabrite,1,branded,0.8,1.0,0.0,0.0,0.2309,recognition-capped,Sumabrite Degreaser nd Heavy duty cleaner (break up HD),
entity,prepit,1,branded,0.8,0.9997,0.0,0.0,0.0003,recognition-capped,Prepit Hyderabad Biriyan 1 kg,
entity,dollur,1,branded,0.8,1.0,0.0,0.0,0.0001,recognition-capped,Dollur Amla Jar,
entity,supli,1,branded,0.8,0.9149,0.0792,0.0115,0.0003,recognition-capped,Dust Pan  Supli,
entity,griffith,1,branded,0.8,1.0,0.0,0.0,0.2254,recognition-capped,Griffith Hot Chilli Marinade,
entity,angel,1,branded,0.8,0.9716,0.0001,0.0051,0.3381,recognition-capped,Teqila Blanco Don Angel 750 Ml,
entity,vikram,1,branded,0.8,1.0,0.0,0.077,0.3522,recognition-capped,VIKRAM - CHAKKI ATTA 30 KG,
entity,acton,1,branded,0.8,0.9965,0.0002,0.0,0.1561,recognition-capped,A-005 Grill and Oven Cleaner ACTON,
entity,foodoo,1,branded,0.8,0.9999,0.0,0.0,0.0011,recognition-capped,PASSION FRUIT SYRUP(1 LTR) Foodoo,
entity,kcco,1,branded,0.8,0.9985,0.0,0.0,0.0567,recognition-capped,Kcco Tray Big,
entity,naturesmith,1,branded,0.8,1.0,0.0,0.0,0.0256,recognition-capped,NATURESMITH PAPRIKA POWDER 60GM,
entity,hollo,1,branded,0.8,0.9417,0.0004,0.0,0.0014,recognition-capped,HOLLO MAT3125*5,
entity,termocool,1,branded,0.8,0.9999,0.0,0.0,0.3242,recognition-capped,Termocool morded box,
entity,mbk,1,branded,0.8,0.9993,0.0,0.0,0.2069,recognition-capped,Thai Jasmine Rice 2kg pkt MBK,
entity,samseer,1,branded,0.8,0.9983,0.0,0.0,0.0,recognition-capped,SAMSEER MARK,
entity,windmill,1,branded,0.8,0.9893,0.0,0.0001,0.0567,recognition-capped,Windmill Potato starch,
entity,camino,1,branded,0.8,0.9971,0.0,0.0077,0.3739,recognition-capped,Camino Real Gold 750Ml,
entity,mrd,1,branded,0.8,0.9958,0.0,0.0,0.0019,recognition-capped,MRD Stickers,
entity,junos,1,branded,0.8,0.9987,0.0,0.0,0.0447,recognition-capped,Pizza Base 8 inch Whole Wheat Pan Crust (Junos),
entity,fryola,1,branded,0.8,0.9996,0.0,0.0,0.0001,recognition-capped,Fryola Oil,
entity,wyn,1,branded,0.8,0.9763,0.0,0.0002,0.061,recognition-capped,Gulab Jamun (Wyn),
entity,milkhana,1,branded,0.8,1.0,0.0,0.0,0.304,recognition-capped,Milkhana Melted Cheese,
entity,cellofin,1,branded,0.8,0.9991,0.0031,0.0001,0.0002,recognition-capped,CELLOFIN PAPER,
entity,sargvo,1,branded,0.8,0.9999,0.0026,0.0017,0.0,recognition-capped,Sargvo-Drumsticks,
entity,thondaika,1,branded,0.8,0.9763,0.0002,0.0001,0.0,recognition-capped,Thondaika,
entity,miami,1,branded,0.8,0.9149,0.0001,0.002,0.0995,recognition-capped,GK-Miami Waffle Pizza Pkg Box 1PKT 100PC GK Dry 137504,
entity,gtc,1,branded,0.8,0.9971,0.0,0.0,0.0083,recognition-capped,GTC Pizza Box 9x9,
entity,cantener,1,branded,0.8,0.9876,0.0004,0.0,0.0,recognition-capped,Cantener Half,
entity,nam,1,branded,0.8,0.9986,0.0003,0.0128,0.0066,recognition-capped,Nam Shop Sticker   Prawn Crackers Large,
entity,ciclo,1,branded,0.8,0.9497,0.0,0.0004,0.0036,recognition-capped,Ciclo Printed Cake Box 2Pc,
entity,caterspoint,1,branded,0.8,1.0,0.0,0.0,0.0415,recognition-capped,SLEEVES 750 ML BAGASSE CATERSPOINT,
entity,gfb,1,branded,0.8,0.9999,0.0,0.0,0.0272,recognition-capped,GFB Mushroom Patty,
entity,rsons,1,branded,0.8,0.9991,0.0,0.0,0.0006,recognition-capped,Chilled Chicken Thigh Boneless 1 kg (Rsons),
entity,thundercrush,1,branded,0.8,0.9897,0.0001,0.0,0.0,recognition-capped,SP Thundercrush French Fries 9mm,
entity,vat,1,branded,0.8,0.9707,0.0001,0.0012,0.2878,recognition-capped,Vat 69,
entity,timmys,1,branded,0.8,1.0,0.0,0.0,0.0219,recognition-capped,Timmys Food Bag,
entity,carnattion,1,branded,0.8,0.9363,0.0001,0.0,0.0001,recognition-capped,CARNATTION MILK  405 GM ( EVAPORATED MILK ),
entity,sandhouse,1,branded,0.8,0.9993,0.0,0.0,0.0001,recognition-capped,11.5x11.5 (Round) Sandhouse Butter paper (40GSM),
entity,sdu,1,branded,0.8,0.9966,0.0,0.0,0.02,recognition-capped,SDU Deva Chardonnay White wine 750ml,
entity,onesta,1,branded,0.8,0.9777,0.0,0.0,0.0276,recognition-capped,Grated mozzarella New Onesta,
entity,newtrition,1,branded,0.8,0.9999,0.0,0.0,0.02,recognition-capped,"Newtrition - Lemon Ginger, 500 ML",
entity,thums,1,branded,0.8,0.9998,0.0,0.0,0.3381,recognition-capped,Thums Up 250 ml,
entity,saladspoint,1,branded,0.8,0.999,0.0,0.0,0.0,recognition-capped,TOP COVER OF BOX 750 ML SALADSPOINT,
entity,ajino,1,branded,0.8,0.8688,0.0056,0.0049,0.2878,recognition-capped,AJINO MOTO,
entity,hungritos,1,branded,0.8,1.0,0.0,0.0,0.0056,recognition-capped,Hungritos Permium without Skin On Fries 9Mm,
entity,namjai,1,branded,0.8,0.9984,0.0,0.0,0.0241,recognition-capped,GREEN CURRY PASTE NAMJAI 1 KG,
entity,rail,1,branded,0.8,0.852,0.0001,0.0,0.0115,recognition-capped,QT Rail,
entity,sandburgs,1,branded,0.8,1.0,0.0,0.0,0.0,recognition-capped,Sandburgs Truffle Barbeque sauce (500 gram),
entity,sarwar,1,branded,0.8,1.0,0.0,0.0,0.0013,recognition-capped,Sarwar Onion Powder 450gm,
entity,chandras,1,branded,0.8,0.9999,0.0,0.0004,0.0042,recognition-capped,Long Note Book 200 Pgs Chandras SB,
entity,habit,1,branded,0.8,0.9992,0.0,0.0,0.0072,recognition-capped,Habit Olives Green Pitted 3Kg,
entity,bikkgane,1,branded,0.8,0.9999,0.0,0.0,0.0145,recognition-capped,Napkin Bikkgane,
entity,flying,1,branded,0.8,0.961,0.0,0.0002,0.0096,recognition-capped,Sriracha Hot Chilli Sauce Flying Goose 730 gm,
entity,chulla,1,branded,0.8,0.9906,0.0001,0.0496,0.0023,recognition-capped,CHULLA,
entity,finagel,1,branded,0.8,0.9841,0.0,0.0,0.0,recognition-capped,Finagel,
entity,tastecraft,1,branded,0.8,1.0,0.0,0.0,0.0011,recognition-capped,Tastecraft Pistachio Flavoured Syrup 750ml,
entity,bandan,1,branded,0.8,0.9149,0.0013,0.0685,0.0,recognition-capped,Bandan Cap,
title,Plastic Film Pouch 7*10 80 Mic,1,unbranded,0.8007,,,,,title-probe uncertain,Plastic Film Pouch 7*10 80 Mic,
entity,zukni,1,branded,0.8032,0.8032,0.0,0.0,,weak agreement,Zukni Green,
title,Wooden Spoon (100PCs Each),1,unbranded,0.8032,,,,,title-probe uncertain,Wooden Spoon (100PCs Each),
title,Artichoke Tin 390 Grms,1,unbranded,0.8105,,,,,title-probe uncertain,Artichoke Tin 390 Grms,
title,Biryani Rice(1121 XXXL),1,unbranded,0.8199,,,,,title-probe uncertain,Biryani Rice(1121 XXXL),
entity,active,1,branded,0.8222,0.8222,0.0001,0.0619,,weak agreement,Active X Mustard Oil 500mL,
entity,story,1,branded,0.8267,0.8267,0.0031,0.0068,,weak agreement,Cutlery Set The Cake Story,
entity,pokchay,1,branded,0.8267,0.8267,0.0,0.0001,,weak agreement,Pokchay,
title,Tawa Roti (7 inch),1,unbranded,0.8267,,,,,title-probe uncertain,Tawa Roti (7 inch),
title,McCain Rosti Round/ Hash Brown 1.5kg,1,unbranded,0.8267,,,,,title-probe uncertain,McCain Rosti Round/ Hash Brown 1.5kg,
title,DISPOSIBLE GLOVES,1,unbranded,0.8439,,,,,title-probe uncertain,DISPOSIBLE GLOVES,
entity,aakhu,1,branded,0.848,0.848,0.1441,0.0126,,weak agreement,Kashmiri Mirch Aakhu - Red Chilly Whole Kashmiri,
title,Lemon Leaves Fresh,1,unbranded,0.848,,,,,title-probe uncertain,Lemon Leaves Fresh,
title,Kaffir Lime Leaves,1,unbranded,0.848,,,,,title-probe uncertain,Kaffir Lime Leaves,
title,#_# Curry Leaves,1,unbranded,0.848,,,,,title-probe uncertain,#_# Curry Leaves,
