title,sonnet_label,brandname,old_conf_4o,score,expected_score,digit_mass,verifier_reasoning,opus_label
Quarry And Tile Floor Cleaner (120X2Oz),Branded,Quarry And Tile,0.0009,5,4.324,0.9997,"The reasoning suggests that ""Quarry And Tile"" is a recognized brand/product line, but it lacks concrete evidence or specific references to verify this claim. The reasoning relies on the assumption that ""Quarry And Tile"" is a known brand, but it does not provide any specific brand association or evidence that it is indeed a branded product. The mention of brands like ZEP is speculative and not directly linked to the product title. Without clear evidence or a well-known brand association, the classification as ""Branded"" is not strongly supported.",Branded
N20 Whipped Cream Chargers,Branded,N20,0.0026,3,4.397,0.9998,"The reasoning provided by the model is weak. While ""N2O"" is indeed the chemical formula for nitrous oxide, ""N20"" does not appear to be a recognized brand name for whipped cream chargers. The model's claim that ""N20"" is a well-known brand lacks specific evidence or references to support this assertion. The reasoning relies heavily on pattern-matching and does not provide concrete evidence that ""N20"" is a brand rather than a generic descriptor or internal code. Without verifiable anchors, the classification as ""Branded"" with ""N20"" as the brand name is not well-supported.",Branded
QT Rail,Branded,QT Rail,0.0,3,4.457,0.9998,"The reasoning relies heavily on pattern recognition and assumptions about the structure of the name ""QT Rail"" without concrete evidence of it being a brand. While ""QT"" could be an abbreviation or brand, and ""Rail"" might suggest a specific product type, there is no independent verification or known brand association provided. The reasoning does not rule out alternative interpretations, such as an internal code or descriptor, which weakens the conclusion.",Branded
TL Hitachi UX Makeup 800ml,Branded,Hitachi,0.4263,5,4.829,0.9997,"The reasoning correctly identifies ""Hitachi"" as a well-known brand, which supports the classification as ""Branded."" However, the assumption that ""UX Makeup"" is a product line under Hitachi is speculative, as Hitachi is not widely recognized for cosmetics. The reasoning lacks concrete evidence linking Hitachi to cosmetics, and ""TL"" and ""UX Makeup"" could be internal codes or unrelated descriptors. The output is plausible but not strongly supported by the reasoning or known facts about Hitachi's product lines.",Branded
Bandan Cap,Branded,Bandan Cap,0.0,7,4.887,0.9998,"The reasoning provided by the model is plausible and aligns with known patterns in Indian trade nomenclature, where ""Cap"" can indeed signify a brand. The explanation that ""Bandan"" could be a proprietary brand name is reasonable, given the context of a B2B catalog. However, the claim that ""Bandan"" is a specific brand is not independently verifiable without additional evidence. The reasoning is strong but lacks concrete evidence or external verification of ""Bandan"" as a recognized brand, which slightly weakens the certainty.",Branded
Aampanna juice 150ml,Branded,Aampanna,0.0005,5,5.349,0.9999,"The reasoning suggests that ""Aampanna"" is a brand name based on its distinct appearance in the product title and the fixed volume, which implies commercial packaging. However, ""Aampanna"" is also a common term for a traditional Indian drink made from raw mangoes, and the reasoning does not provide evidence that it is a registered brand name. The fixed volume could indicate packaging but does not necessarily confirm branding. The reasoning lacks concrete evidence of ""Aampanna"" being a brand, making the conclusion uncertain.",Branded
2 Cp-Snacc,Branded,Snacc,0.0,7,5.464,0.9999,"The reasoning provided by the model is strong, as it identifies ""Snacc"" as a stylized spelling of ""snack,"" which is a common branding technique. The use of stylized names is indeed typical for brand identifiers, especially in the FMCG sector. The interpretation of ""Cp"" as a pack or product variant code is plausible, and the number ""2"" as a quantity or pack size is reasonable. However, without specific evidence of ""Snacc"" being a recognized brand, there is a minor gap in verification, preventing a higher score.",Branded
Kiley Soda 250 ML - SNACC,Branded,SNACC,0.0007,7,5.596,0.9998,"The reasoning is mostly sound, as 'SNACC' being in all caps suggests it could be a brand name, which is common in product titles. However, the reasoning assumes 'SNACC' is the primary brand without definitive evidence, and 'Kiley' could also be a brand name. The model's interpretation of 'Kiley' as a sub-brand or flavor variant is plausible but not certain. The reasoning does not definitively rule out 'Kiley' as the brand, which leaves some ambiguity. Overall, the output is well-reasoned but not conclusively supported by the input.",Branded
Pizza Platter Butter Paper 16*9,Branded,Pizza Platter,0.848,7,5.718,1.0,"The reasoning provided by the model is mostly sound. The structured format of the product title, with ""Pizza Platter"" appearing at the beginning, suggests it could be a brand name. The explanation that ""Butter Paper"" is a product type and ""16*9"" are dimensions is logical. However, the claim that ""Pizza Platter"" is a recognized brand in the Indian food-service/packaging supplies segment lacks specific evidence or widely known recognition. While the reasoning is plausible, it relies on assumptions about brand recognition that are not independently verifiable from the input alone.",Branded
#_# Big Bag - Stroopie,Branded,Big Bag,0.0995,7,5.897,0.9999,"The reasoning is mostly sound, as ""Big Bag"" could indeed be a brand name, especially given the context of a B2B catalog where such naming conventions are common. The use of a dash to separate what appears to be a brand and a product variant supports this interpretation. However, the claim that ""Big Bag"" is a recognized snack brand in South African and Indian markets is not widely known or verifiable without further evidence. The connection to ""stroopwafel"" is plausible but not definitive. Overall, the reasoning is strong but lacks concrete evidence for the brand's recognition.",Branded
Kumatia,Unbranded,,0.5039,7,5.942,0.9999,"The reasoning is strong, as ""Kumatia"" does not immediately suggest a brand name and could indeed be a regional or generic term for a food product. The absence of additional qualifiers or brand identifiers supports the conclusion of it being unbranded. However, without specific evidence or knowledge confirming ""Kumatia"" as a generic term, there remains a minor gap in certainty. The model's reasoning is logical and aligns with the input, but it lacks definitive external verification.",Unbranded
Tea flask - 250 ML -Outer coorugated Box-Snacc,Branded,Snacc,0.0001,7,6.206,0.9996,"The reasoning is mostly sound, as 'Snacc' is positioned at the end of the product title, which is a common place for brand names in product listings. The stylized spelling with a double 'c' supports the idea of it being a brand name. However, there is no independent verification that 'Snacc' is a known brand, and it could potentially be an internal code or descriptor. The reasoning does not address this alternative possibility, which slightly weakens the conclusion.",Branded
STICKER SALAD,Unbranded,,0.728,7,6.249,0.9999,"The reasoning is mostly sound, as ""STICKER SALAD"" does not clearly indicate a known brand name. The explanation that ""Sticker"" could refer to a label and ""Salad"" to the product type is plausible. The model correctly identifies the lack of a recognizable brand or trademark. However, the reasoning could be slightly improved by considering the possibility of a lesser-known brand or a niche product line, which is not entirely ruled out. Overall, the conclusion of ""Unbranded"" is well-supported, but there is a minor gap in considering all potential branding scenarios.",Unbranded
HOLLO MAT3125*5,Branded,HOLLO,0.0,7,6.605,0.9999,"The reasoning provided by the model is generally strong. It identifies ""HOLLO"" as a potential brand name based on its position in the product title and the typical structure of branded listings. The interpretation of ""MAT3125"" as a product code and ""*5"" as a pack size is plausible. However, the assumption that ""HOLLO"" is a brand name is not definitively supported by external evidence or widely recognized brand knowledge. The reasoning is logical but lacks concrete verification of ""HOLLO"" as a brand, which slightly weakens the conclusion.",Branded
Sargvo-Drumsticks,Branded,Sargvo,0.0003,7,6.727,0.9998,"The reasoning provided by the model is strong, as it identifies the hyphenated format ""Sargvo-Drumsticks"" as a common naming convention for branded products in Indian B2B catalogs. The model also acknowledges the potential for ""Sargvo"" to be a regional-language descriptor for drumsticks in Gujarati, which introduces some ambiguity. However, the context of a B2B catalog, where branding is often used to differentiate suppliers, supports the conclusion that ""Sargvo"" is likely a brand name. The reasoning is well-anchored in the context and linguistic analysis, but the ambiguity slightly weakens the certainty.",Branded
Outer Bag SOS 70 GSM - Snacc,Branded,Snacc,0.0001,7,6.821,0.9999,"The reasoning provided by the model is mostly sound. The use of ""Snacc"" after a dash in the product title is a common convention for indicating a brand name in B2B catalogs. The explanation of the product as an SOS bag with a specific GSM is plausible and suggests a defined product specification, which aligns with branded products. However, the model assumes ""Snacc"" is a brand without external verification or widely known recognition, which introduces a minor gap in certainty. The reasoning is strong but lacks independent verification of ""Snacc"" as a brand.",Branded
Breakfast Sugar Trust 1 Kg,Branded,Trust,0.0023,7,6.863,0.9999,"The reasoning provided by the model is plausible and follows a logical pattern commonly seen in product titles, where 'Trust' is interpreted as a brand name. The structure of the title supports this interpretation, with 'Breakfast Sugar' as the product type and '1 Kg' as the quantity. The model's explanation aligns with typical naming conventions in Indian B2B catalogs, where smaller or regional brands are common. However, without external verification of 'Trust' as a known brand, there remains a minor gap in certainty, preventing a higher score.",Branded
Classic Ice Burst 10 Nos,Branded,Classic Ice Burst,0.8245,7,6.943,1.0,"The reasoning provided by the model is generally strong, as it identifies ""Classic"" as a known brand in the Indian frozen confectionery segment and interprets ""Ice Burst"" as a specific product line. The structured naming convention (Brand + Product Line + Quantity) supports the branded classification. However, the reasoning assumes ""Classic"" is a brand without providing specific evidence or verification, which leaves a minor gap. The model's conclusion is plausible but not definitively anchored by independently checkable facts.",Branded
Finagel,Branded,Finagel,0.0002,7,6.959,0.9999,"The reasoning provided by the model is strong, as it identifies ""Finagel"" as a coined term that does not correspond to any known generic noun, suggesting it is a proprietary brand name. The analysis of the word's construction as a portmanteau supports the classification as a branded product. However, the reasoning relies on pattern recognition and assumptions about naming conventions in Indian B2B catalogs without specific evidence of ""Finagel"" being a registered or widely recognized brand. This introduces a minor gap in certainty, but the conclusion is still well-supported overall.",Branded
#_# Big Blue Box - Sweetish,Branded,Big Blue Box,0.0,7,7.004,0.9999,"The reasoning provided by the model is generally strong. The capitalization of ""Big Blue Box"" suggests it could be a brand name, and the structure of the title aligns with branded product naming conventions. However, the claim that ""Big Blue Box"" is a recognizable branded concept in India lacks specific evidence or references to known brands, which slightly weakens the argument. The reasoning is plausible but not definitively anchored by independently verifiable facts.",Branded
Zukni Green,Branded,Zukni,0.0001,7,7.031,0.9998,"The reasoning provided by the model is strong, as it identifies ""Zukni"" as a likely proprietary brand name due to its uncommon nature in major Indian languages and English. The structure of the product title, ""Zukni Green,"" aligns with typical branded product naming conventions, where ""Zukni"" is the brand and ""Green"" is a variant. However, the reasoning relies on pattern recognition and the absence of a generic descriptor, which leaves a minor gap in verification. Without external confirmation of ""Zukni"" as a brand, the conclusion is well-reasoned but not entirely certain.",Branded
Triplesec,Branded,Triplesec,0.0006,7,7.071,0.9999,"The reasoning is mostly sound, as ""Triple Sec"" is indeed a well-known category of orange-flavored liqueur, and the single-word stylization ""Triplesec"" could suggest a brand name. However, the conclusion that ""Triplesec"" is the brand name is not fully supported, as it could still be a generic descriptor or an internal code. The reasoning correctly identifies the possibility of it being branded, but without additional context or qualifiers, the certainty of ""Triplesec"" as a brand name is slightly overstated.",Branded
UH ZUCCHINI GREENSMALL DICE1 KG / BAG,Branded,UH,0.0001,7,7.082,0.9999,"The reasoning provided by the other model is plausible and well-argued. The use of 'UH' as a prefix suggests it could be a brand or supplier code, which is common in B2B catalogs. The explanation that 'UH' might stand for 'Universal Hospitality' or a similar entity is reasonable, though speculative. The context of a food-service catalog supports the likelihood of branding or private labeling. However, without concrete evidence or a known brand name, there remains some uncertainty, which is why the score is not higher.",Branded
XO Sauce Sticker,Branded,XO,0.5964,7,7.09,0.9999,"The reasoning correctly identifies ""XO Sauce"" as a well-known product, often associated with branded versions like Lee Kum Kee. The model assumes ""XO"" functions as a brand name in this context, which is plausible given the product's recognition. However, the reasoning could be stronger by addressing the possibility of ""XO Sauce Sticker"" being a generic label for any XO sauce, not necessarily tied to a specific brand. The conclusion is reasonable but not definitively supported by the input, as ""XO"" could also be a generic term in this context.",Branded
SAMSEER MARK,Branded,Samseer,0.15,7,7.142,1.0,"The reasoning is strong, as ""MARK"" is indeed often used in Indian trade contexts to denote a brand or trademark, supporting the classification of ""SAMSEER"" as a brand name. The model correctly identifies ""SAMSEER"" as the brand based on this convention. However, the reasoning could be strengthened by providing additional context or examples of similar naming conventions in Indian B2B catalogs. The conclusion is plausible and aligns with known patterns, but lacks specific external verification of ""SAMSEER"" as a recognized brand.",Branded
POCHA (MOP),Branded,POCHA,0.0072,7,7.161,0.9999,"The reasoning provided is strong, as it identifies ""POCHA"" as both a generic term and a potential brand name in the context of Indian B2B catalogs. The explanation about capitalization and the use of parentheses aligns with common practices in product listings, supporting the conclusion that ""POCHA"" is likely a brand name here. However, the claim that ""POCHA"" is a registered brand name for cleaning products lacks specific evidence or references to a known brand, which slightly weakens the certainty. Overall, the reasoning is plausible but not definitively anchored by external verification.",Branded
#_# Frozen Chonk O Rocher - Chonkers,Branded,Chonkers,0.0001,8,7.17,0.9999,"The reasoning is strong, as it identifies 'Chonkers' as a potential brand name based on its position after the dash, a common catalog convention. The playful name 'Chonk O Rocher' suggests a branded product, possibly a small or artisanal brand, aligning with the Indian market's trend for creative naming. However, without external verification of 'Chonkers' as a brand, there's a minor gap in certainty. The reasoning effectively uses structural patterns and market context to support the branding conclusion.",Branded
#_# Black Ceaser Dough - Cookie Cartel,Branded,Cookie Cartel,0.0008,8,7.189,0.9999,"The reasoning is strong, as it identifies ""Cookie Cartel"" as a likely brand name based on the naming convention used in the product title, which is common in B2B catalogs. The description of ""Cookie Cartel"" as a distinctive and edgy brand name fits the pattern of artisan or specialty bakery businesses. However, the reasoning assumes ""Cookie Cartel"" is a known brand without external verification, which is a minor gap. The interpretation of ""Black Ceaser Dough"" as a product variant is logical and aligns with typical product naming conventions.",Branded
Dhania Pudina Chutney-SNACC,Branded,SNACC,0.0157,7,7.22,0.9999,"The reasoning is strong, as the use of a hyphen and all-caps formatting in 'Dhania Pudina Chutney-SNACC' suggests 'SNACC' is a brand name. This pattern is common in product titles where the brand follows the product description. However, without external verification of 'SNACC' as a known brand, there remains a minor gap in certainty. The reasoning effectively uses structural cues from the input, but lacks independent confirmation of 'SNACC' as a brand, which would elevate the confidence level.",Branded
Infinite - Eggless Choco Lava Cake Premix 1 Kg Ambient 148873,Branded,Infinite,0.0,8,7.23,0.9999,"The reasoning is strong, as it identifies ""Infinite"" as the likely brand name based on its position at the start of the product title, which is a common pattern for branded products. The explanation also correctly interprets other elements of the title, such as ""Eggless"" and ""Choco Lava Cake Premix."" However, the reasoning could be slightly improved by providing external verification or examples of ""Infinite"" as a known brand in the Indian market, which would elevate the confidence to a 9.",Branded
Butter Croissant-Snacc,Branded,Snacc,0.0003,7,7.258,0.9999,"The reasoning is generally strong, as it identifies a common pattern in Indian B2B catalogs where the product name is followed by the brand name, separated by a hyphen. The stylized spelling of 'Snacc' supports the idea that it could be a brand name, as such spellings are often used by modern food startups. However, the reasoning assumes 'Snacc' is a brand without external verification or specific evidence of its existence as a brand, which leaves a minor gap in certainty. The reasoning is plausible but not definitively anchored by external facts.",Branded
#_# Caramelo Banditos Dough - Cookie Cartel,Branded,Cookie Cartel,0.0002,7,7.272,0.9997,"The reasoning provided by the model is generally strong, as it identifies ""Cookie Cartel"" as a potential brand name based on the structure of the product title. The use of a dash to separate ""Caramelo Banditos Dough"" from ""Cookie Cartel"" suggests a branded product, with ""Caramelo Banditos"" likely being a flavor or variant. However, the claim that ""Cookie Cartel"" is a known brand in the Indian food-service/B2B space is not independently verifiable from the input alone, leaving a minor gap in certainty. The reasoning is plausible but lacks concrete evidence of brand recognition.",Branded
TOP COVER OF BOX 750 ML SALADSPOINT,Branded,Saladspoint,0.0002,7,7.278,0.9999,"The reasoning is generally strong, as ""SALADSPOINT"" at the end of the product title suggests a brand name, especially in a B2B context where brand names are often appended to product descriptions. The compound nature of ""Salads + Point"" supports the idea of a brand. However, the reasoning could be slightly improved by acknowledging the possibility of ""SALADSPOINT"" being an internal code or a less-known brand, which is common in such catalogs. The conclusion is plausible but not definitively certain without external verification of ""Saladspoint"" as a brand.",Branded
Chicken Tikka filling-Snacc,Branded,Snacc,0.0001,8,7.282,0.9999,"The reasoning is strong, as it identifies 'Snacc' as a potential brand name due to its placement after a hyphen, a common convention for brand names in product titles. The stylized spelling 'Snacc' supports this interpretation, suggesting intentional branding rather than a generic term. However, without external verification of 'Snacc' as a known brand, there remains a minor gap in certainty. The reasoning effectively uses structural patterns and linguistic cues to justify the classification as branded.",Branded
#_# XYLITOL Chocolate Hazelnut Icecream (600ML) - Bina,Branded,Bina,0.0056,7,7.283,0.9999,"The reasoning is mostly sound, as the use of a dash to separate a brand name from a product description is a common pattern in product listings. The presence of 'Bina' after the dash suggests it could be a brand name. Additionally, the mention of 'XYLITOL' indicates a specialized product, which supports the idea of branding. However, without external verification, 'Bina' could also be a generic or lesser-known name, leaving some uncertainty. The reasoning is strong but not definitive, hence the score.",Branded
SLEEVES 750 ML BAGASSE CATERSPOINT,Branded,CatersPoint,0.2095,8,7.301,1.0,"The reasoning provided by the other model is strong, as it identifies ""CATERSPOINT"" as a likely brand name based on its position in the product title and its plausible construction as a brand name in the food-service industry. The explanation of the product components (sleeves, 750 ml, bagasse) is logical and aligns with common product descriptions. However, without external verification of ""CatersPoint"" as an existing brand, there remains a minor gap in certainty, preventing a perfect score.",Branded
#_# Hamper Box Of 2 Outer  - The Tiny Tub,Branded,The Tiny Tub,0.0076,8,7.336,0.9999,"The reasoning provided by the other model is strong and well-supported by the input. The use of 'The Tiny Tub' in title case and with a definite article suggests it is a brand name, aligning with common branding conventions. The explanation about the product format and the separator '#_#' being typical of internal catalog formatting in Indian B2B grocery platforms adds credibility. However, the assumption that 'The Tiny Tub' is a brand name based on its format and potential market segment is not definitively verifiable without external confirmation, leaving a minor gap.",Branded
COKE CANE,Branded,Coca-Cola,0.2878,8,7.357,1.0,"The reasoning is strong, as ""COKE"" is indeed a well-known brand name associated with The Coca-Cola Company. The interpretation of ""CANE"" as referring to cane sugar is plausible, especially in the context of a food-service catalog where such distinctions might be relevant. The model correctly identifies ""Coke"" as a proprietary brand name, supporting the classification as branded. However, the specific term ""Coke Cane"" is not widely recognized as a standard product name, which introduces a minor gap in certainty. Nonetheless, the reasoning aligns well with the input and known facts.",Branded
Kcco Tray Big,Branded,KCCO,0.0002,8,7.387,1.0,"The reasoning provided by the model is strong, as it identifies ""KCCO"" as a potential brand name based on its position and format in the product title. The use of uppercase letters at the beginning of the title is a common pattern for brand identifiers in product listings. The explanation that ""Tray Big"" describes the product while ""KCCO"" serves as the brand is logical and aligns with typical product naming conventions. However, without external verification of ""KCCO"" as a known brand, there is a minor gap in certainty.",Branded
#_# Baked Oregano Cheese Matthi - Genda Phool,Branded,Genda Phool,0.0006,8,7.397,0.9999,"The reasoning is strong, as it correctly identifies the naming convention in Indian B2B catalogs where the brand name often follows a hyphen. 'Genda Phool' is interpreted as the brand name, which is plausible given the context. The explanation of 'Matthi' and its modern twist with oregano and cheese is accurate. The reasoning about the premium positioning due to 'Baked' and the flavoring is logical. However, the existence of 'Genda Phool' as a brand is not independently verified, which leaves a minor gap in certainty.",Branded
#_# Slide Tru Hamper Box OF 4 Outer - The Tiny Tub,Branded,The Tiny Tub,0.0001,8,7.446,1.0,"The reasoning is strong, as it identifies ""The Tiny Tub"" as a likely brand name based on its placement and format in the product title, which is consistent with branding conventions. The explanation also considers the context of a B2B catalog, where such naming patterns are typical. However, the reasoning assumes ""The Tiny Tub"" is a brand without external verification, which slightly weakens the certainty. The description of the product as a hamper box aligns with the context, supporting the branded classification. Overall, the reasoning is well-founded but lacks independent verification of the brand's existence.",Branded
#_# Greeting Card - Sassy Teaspoon,Branded,Sassy Teaspoon,0.0006,8,7.492,0.9999,"The reasoning provided is strong, as it identifies ""Sassy Teaspoon"" as a distinctive and stylized name, which is characteristic of a brand rather than a generic descriptor. The use of a dash separator in the product title supports the interpretation of ""Sassy Teaspoon"" as a brand name. The reasoning also considers the possibility of greeting cards being sold in a grocery/food-service catalog. However, the connection between ""Sassy Teaspoon"" and greeting cards is not independently verifiable, leaving a minor gap in certainty.",Branded
Twinning Lemon Tea,Branded,Twinnings,0.0888,8,7.492,0.9999,"The reasoning is strong, as ""Twinning"" is likely a misspelling of ""Twinings,"" a well-known tea brand. The explanation about phonetic variations in Indian catalogs is plausible, and Twinings does offer a lemon tea variant. However, the reasoning assumes without definitive evidence that ""Twinning"" is a misspelling, which introduces a minor gap. The model's conclusion is well-supported by the context and known brand presence, but the possibility of ""Twinning"" being an entirely different or unbranded product is not entirely ruled out.",Branded
Mixed Veg Pickle (5 kg)-Snacc,Branded,Snacc,0.0241,8,7.498,1.0,"The reasoning is strong, as it identifies 'Snacc' as a potential brand name following the product description, which is a common format in product titles. The distinction between 'Mixed Veg Pickle' and 'Snacc' supports the branding conclusion. However, without external verification of 'Snacc' as a known brand, there is a minor gap in certainty. The reasoning aligns well with the input and typical catalog patterns, but the lack of independent confirmation of 'Snacc' as a brand prevents a perfect score.",Branded
Wrapper Yellow (12x12) for FLYP,Branded,FLYP,0.0007,8,7.508,0.9999,"The reasoning is strong, as the phrase ""for FLYP"" suggests a specific association with a brand, which is a common convention in B2B catalogs to indicate branded products. The model correctly identifies ""FLYP"" as the likely brand name, based on this association. However, without additional context or verification of ""FLYP"" as a known brand, there is a minor gap in certainty. The reasoning aligns well with the input and the task, but the lack of external verification of ""FLYP"" as a brand prevents a perfect score.",Branded
Q-com Teacake Blister Tray,Branded,Q-com,0.0,8,7.514,0.9999,"The reasoning provided by the other model is strong and well-supported by the input. The use of ""Q-com"" at the beginning of the product title suggests it is a brand name, following typical naming conventions where the brand precedes the product description. The explanation of ""Teacake"" and ""Blister Tray"" as descriptors for the product type and packaging format aligns with common practices for branded goods. However, the model's assumption that ""Q-com"" is a brand operating in the Indian B2B space is not independently verifiable without additional context or evidence, which slightly weakens the certainty.",Branded
#_# Frozen OG Chocolate Chip Chonker - Chonkers,Branded,Chonkers,0.0004,8,7.523,1.0,"The reasoning provided is strong, as it identifies ""Chonkers"" as a likely brand name based on its placement after the dash and the repetition of ""Chonker"" in the product title. The explanation about ""OG"" standing for ""Original"" and the playful branding style aligns with modern branding practices. However, the reasoning assumes ""Chonkers"" is a brand without external verification, which is a minor gap. The conclusion that it is a branded product is well-supported by the naming conventions and context provided.",Branded
#_# Sakura Blossom Gateaux (125 Gms) - Ether,Branded,Ether,0.0058,8,7.528,0.9999,"The reasoning is strong, as it correctly identifies the naming pattern typical of branded products, where the brand name follows a dash. The interpretation of 'Sakura Blossom Gateaux' as a product name and 'Ether' as the brand is logical. The mention of 'Gateaux' and the specific weight further support the branded nature of the product. However, the brand 'Ether' is not widely recognized, which introduces a minor gap in verification. The reasoning aligns well with the input and the context of a B2B grocery/food-service catalog.",Branded
SP Thundercrush French Fries 9mm,Branded,Thundercrush,0.0001,8,7.536,0.9999,"The reasoning is strong, as ""Thundercrush"" appears to be a distinct and unique name that suggests branding, and ""SP"" could indeed be a manufacturer or distributor code. The explanation about ""9mm"" being a standard specification for fries is plausible. However, without external verification of ""Thundercrush"" as a known brand, there is a minor gap in certainty. The reasoning effectively uses the structure and components of the product title to support the branding conclusion.",Branded
#_# Caramelo Banditos Sticker - Cookie Cartel,Branded,Cookie Cartel,0.1624,8,7.575,0.9999,"The reasoning provided is strong, as it identifies ""Cookie Cartel"" as a likely brand name based on its position after the dash, which is a common pattern in product listings. The thematic analysis of ""Caramelo Banditos"" and its alignment with the ""Cookie Cartel"" theme supports the branding conclusion. However, the claim that ""Cookie Cartel"" is a known artisan/specialty cookie brand is not independently verified here, leaving a minor gap. The reasoning is otherwise well-anchored in the input and plausible thematic interpretation.",Branded
#_# Tag - Gluten-free Paleo Cookies - Le Four,Branded,Le Four,0.0015,8,7.582,0.9999,"The reasoning is strong, as ""Le Four"" is identified as a brand name, supported by its separation from the product description by dashes. The interpretation of ""Le Four"" as a French-sounding name aligns with the context of a bakery or artisan food brand, which fits the product description of ""Gluten-free Paleo Cookies."" The explanation of the ""#_# Tag"" as an internal catalog code is plausible. However, the reasoning assumes ""Le Four"" is a brand without external verification, which slightly weakens the certainty. Overall, the output is well-supported by the reasoning and input.",Branded
Dollur Amla Jar,Branded,Dollur,0.0003,8,7.621,1.0,"The reasoning is strong, as it identifies ""Dollur"" as a distinct name preceding the product descriptor, which aligns with common branding conventions. The analysis of ""Amla"" and ""Jar"" as product and packaging descriptors is logical. However, the reasoning assumes ""Dollur"" is a brand without external verification, which is a minor gap. The structure of the title supports the branded classification, but without additional evidence of ""Dollur"" as a known brand, the conclusion is not entirely certain.",Branded
NONBROMITE BREAD IMPROVER 1 KG 0157,Branded,Nonbromite,0.7432,8,7.624,0.9999,"The reasoning is strong, as ""Nonbromite"" is likely a brand name given its position at the start of the product title and its descriptive nature indicating a bromate-free product. The explanation about bromate being banned in many countries, including India, supports the likelihood of ""Nonbromite"" being a brand. The mention of companies like AB Mauri aligns with the context of a B2B catalog. However, the claim that ""Nonbromite"" is a recognized commercial brand lacks direct evidence or citation, which slightly weakens the certainty.",Branded
Non Veg Spring Rolls -SNACC,Branded,SNACC,0.0062,8,7.626,1.0,"The reasoning is strong, as the use of a hyphen followed by 'SNACC' in all caps is a common pattern for denoting brand names in product titles. This suggests that 'SNACC' is likely a brand. However, without external verification of 'SNACC' as a known brand, there is a minor gap in certainty. The reasoning effectively uses the structure and formatting of the title to support the conclusion, but it lacks independent verification of 'SNACC' as a brand.",Branded
Nam Shop Sticker   Prawn Crackers Large,Branded,Nam Shop,0.0003,8,7.627,0.9999,"The reasoning is strong, as ""Nam Shop"" is positioned before the product description, suggesting it is a brand name. The model correctly identifies that in B2B catalogs, such prefixes often denote brands. The mention of ""Nam"" being common in Southeast Asian languages adds credibility, though it is not definitive proof of branding. The reasoning could be slightly improved by considering alternative interpretations, such as ""Nam Shop"" being a store name, but the overall logic is sound and aligns with common catalog practices.",Branded
#_# The Godfather (Reeses peanut butter cup) Cookie Dough - Cookie Cartel,Branded,Cookie Cartel,0.6619,8,7.627,0.9999,"The reasoning is strong, as it identifies ""Cookie Cartel"" as the likely brand based on its explicit mention in the product title. The analysis of ""The Godfather"" as a specific SKU or flavor name within the brand's lineup is logical. The mention of Reese's as an inspiration rather than the brand itself is also a reasonable interpretation. The reasoning about Cookie Cartel being an artisan/specialty brand fits the context of a themed product. However, the assumption about its operation in the Indian market is speculative without additional evidence. Overall, the output is well-supported by the reasoning.",Branded
Timmys Food Bag,Branded,Timmy's,0.0001,8,7.628,1.0,"The reasoning provided by the other model is strong and well-supported. The use of a proper noun like ""Timmys"" in the product title is a common branding pattern, especially in the food industry. The structure ""Brand Name + Product Type"" is typical for branded products. However, without additional context or verification of ""Timmy's"" as a known brand, there is a minor gap in certainty. The reasoning is logical and aligns with common branding practices, but it lacks external verification of ""Timmy's"" as an established brand.",Branded
#_# Cacao Crispy - Ether,Branded,Ether,0.0005,8,7.642,1.0,"The reasoning is strong, as it identifies a common pattern in product titles ('Product Name - Brand Name') and correctly interprets 'Ether' as a likely brand name due to its distinctiveness and lack of generic meaning. The analysis of 'Cacao' as a premium spelling adds weight to the branded interpretation. However, the reasoning could be slightly improved by acknowledging the possibility of 'Ether' being a less-known or niche brand, which is not uncommon in B2B catalogs. Overall, the output is well-supported by the reasoning and the input.",Branded
BLACK PAPER,Unbranded,,0.148,8,7.658,1.0,"The reasoning is strong, as ""BLACK PAPER"" likely refers to black pepper, a common commodity often sold unbranded in bulk. The absence of any specific brand name or trademark in the title supports the classification as unbranded. The model correctly identifies the phonetic/spelling variation and the context of Indian B2B catalogs, where such generic descriptions are common. However, there is a minor gap as ""BLACK PAPER"" could theoretically be a brand name, though this is unlikely given the context.",Unbranded
#_# Sugar Free Coffee Almond Ice Cream Tub (125 ml) - Bina,Branded,Bina,0.0046,8,7.662,0.9997,"The reasoning is strong, as it identifies a common pattern in product listings where the brand name follows a dash. The name 'Bina' is positioned in a way that suggests it is the brand, and the detailed product description supports the idea of a branded item. However, without external verification of 'Bina' as a known brand, there is a minor gap in certainty. The reasoning effectively uses the structure and content of the input to justify the branding decision, but lacks independent confirmation of 'Bina' as a brand.",Branded
TG-Party Snacks 35G Pouch,Branded,TG,0.0,8,7.666,1.0,"The reasoning is strong, as the use of 'TG-' suggests a brand identifier, which is common in product titles to denote branding. The hyphen is often used to separate brand names from product descriptions in catalogs. The specific packaging details like '35G Pouch' support the idea of a branded product, as these are typical of manufactured goods with specific SKUs. However, without external verification of 'TG' as a known brand, there is a minor gap in certainty.",Branded
Paper Cup 350ml (10'' Oz) FLYP,Branded,FLYP,0.0,8,7.683,1.0,"The reasoning is strong, as 'FLYP' is positioned at the end of the product title, which is a common placement for brand names in product listings. The other elements ('Paper Cup', '350ml', '10 Oz') are indeed descriptive, supporting the conclusion that 'FLYP' is the brand. However, without external verification of 'FLYP' as a known brand, there is a minor gap in certainty. The reasoning aligns well with the input and typical catalog patterns, justifying a high confidence score.",Branded
Long Note Book 200 Pgs Chandras SB,Branded,Chandra's,0.4571,8,7.708,1.0,"The reasoning is strong, as ""Chandra's"" is identified as a well-known Indian stationery brand, which supports the classification of the product as branded. The explanation of ""SB"" as a potential product variant code and ""200 Pgs"" as the page count is logical and aligns with typical product descriptions. However, the reasoning could be slightly improved by providing more specific evidence or references to confirm ""Chandra's"" as a recognized brand, which would elevate the certainty to a 9.",Branded
Gulab Jamun (Wyn),Branded,Wyn,0.0007,8,7.714,1.0,"The reasoning is strong, as the use of parentheses in product titles often indicates a brand name in B2B catalogs. 'Gulab Jamun' is a common product that can be branded or unbranded, and 'Wyn' fits the pattern of a brand identifier. However, without specific evidence of 'Wyn' as a known brand, there is a minor gap in verification. The reasoning aligns well with typical catalog practices, but the lack of independent verification of 'Wyn' as a brand name prevents a perfect score.",Branded
BANARASI LAL PEDA-200 Gms,Branded,Banarasi Lal,0.0016,8,7.728,1.0,"The reasoning is strong, as ""Banarasi Lal"" is presented as a proper name, suggesting it could be a brand or a well-known sweet shop, especially given the context of Indian sweets and the association with Banaras (Varanasi). The explanation about naming conventions in Indian B2B food catalogs supports the branded classification. However, without external verification of ""Banarasi Lal"" as a specific brand, there remains a minor gap in certainty. The reasoning is logical and aligns with common practices, but lacks definitive external confirmation of the brand's existence.",Branded
RTE-Seths - Chinese Ready Schezwan Sauce (Frozen) 1 Kg,Branded,Seths,0.0033,8,7.728,0.9999,"The reasoning is strong, as it identifies 'Seths' as a likely brand name based on its placement in the product title and the use of a dash separator, which is a common convention for separating brand names from product descriptions. The explanation also considers the context of a B2B/food-service catalog, where such branding is typical. However, the reasoning assumes 'Seths' is a brand without external verification, which is a minor gap. The model's interpretation is plausible and well-supported by the input, but lacks independent confirmation of 'Seths' as a brand.",Branded
#_# Cone - Dark Chocolate [ 120 ml ] - Getaway,Branded,Getaway,0.0967,8,7.742,0.9999,"The reasoning is strong, as the placement of 'Getaway' at the end of the product title aligns with common catalog naming conventions where the brand name follows the product description. The model correctly identifies 'Getaway' as a likely brand name, supported by the structured format of the title. However, without external verification of 'Getaway' as a known brand, there is a minor gap in certainty. The reasoning is logical and well-supported by the input structure, but lacks independent confirmation of 'Getaway' as a brand.",Branded
Shudh Garhwal - Khoya Pindi 1KG,Branded,Shudh Garhwal,0.0022,8,7.751,1.0,"The reasoning is strong, as ""Shudh Garhwal"" is likely a brand name given the structured format and the use of ""Shudh"" (meaning pure) which is common in branding, especially for dairy products. The mention of ""Garhwal"" suggests a geographic origin, which is often used in brand names. The explanation aligns with typical branded product listings in B2B catalogs. However, without external verification of ""Shudh Garhwal"" as a registered brand, there is a minor gap in certainty.",Branded
A-005 Grill and Oven Cleaner ACTON,Branded,ACTON,0.6584,8,7.763,0.9999,"The reasoning is strong, as 'ACTON' is identified as a known brand in the cleaning products segment, and its placement at the end of the product title aligns with common B2B catalog patterns. The interpretation of 'A-005' as an internal SKU or product code is plausible, and the suggestion that it might correspond to ACTON's product line code adds credibility. However, the reasoning assumes 'ACTON' is a known brand without providing specific evidence or sources, which slightly weakens the certainty. Overall, the output is well-supported but not entirely conclusive.",Branded
#_# Guava Pop (70 ML) - Noto,Branded,Noto,0.4036,8,7.774,1.0,"The reasoning is strong, as it identifies a common pattern in product naming where the brand follows the product description, which is consistent with the input format. 'Noto' is treated as a brand name, which is plausible given the context. However, without external verification of 'Noto' as a known brand, there is a minor gap in certainty. The reasoning effectively uses the structure of the input to support the classification as branded.",Branded
#_# Griselda's Red Velvet Sticker (Eggless) - Cookie Cartel,Branded,Cookie Cartel,0.7432,8,7.778,0.9999,"The reasoning is strong, as ""Cookie Cartel"" is identified as a brand name, and the structure of the product title supports this interpretation. The mention of ""Griselda's"" as a potential sub-line or recipe within the brand is plausible. The explanation of the eggless specification catering to the Indian market is reasonable. However, the claim that Cookie Cartel is a known brand is not independently verifiable without additional context or evidence. The reasoning is mostly sound, but the lack of external verification for the brand name slightly weakens the conclusion.",Branded
#_# Sugar Free Chocolate Hazelnut Ice Cream Tub (125 ml) - Bina,Branded,Bina,0.0076,8,7.789,1.0,"The reasoning is strong, as the use of a dash followed by 'Bina' aligns with common patterns in product listings where the brand name is appended at the end. The product being a specialty item like sugar-free ice cream also supports it being branded. However, without external verification of 'Bina' as a known brand, there remains a minor gap in certainty. The reasoning effectively uses structural patterns and product type to justify the branding decision.",Branded
Milkhana Melted Cheese,Branded,Milkhana,0.0248,8,7.79,1.0,"The reasoning provided is strong and well-supported by the input. The model identifies ""Milkhana"" as a likely brand name based on its position and structure in the product title, which is a common pattern in branded product listings. The explanation about the naming convention and the potential derivation of ""Milkhana"" from ""Milk"" aligns with typical branding practices in the Indian dairy industry. However, without external verification of ""Milkhana"" as an actual brand, there remains a minor gap in certainty, preventing a perfect score.",Branded
Ciclo Printed Cake Box 2Pc,Branded,Ciclo,0.0759,8,7.795,1.0,"The reasoning provided is strong, as it identifies 'Ciclo' as a known brand in the Indian market, particularly in packaging and stationery, which aligns with the product type (cake box). The explanation about the convention of listing brand names first in product titles in Indian B2B catalogs supports the classification as branded. However, the connection to the Camlin/Kokuyo group is not directly verified in the reasoning, leaving a minor gap. Overall, the reasoning is well-supported by the input and general knowledge of branding conventions.",Branded
San Marzano - Pomace Olive Oil,Branded,San Marzano,0.0069,8,7.822,1.0,"The reasoning is strong, as ""San Marzano"" is indeed a recognizable name associated with quality Italian products, and the format ""[Brand Name] - [Product Type]"" is a common naming convention in B2B catalogs. The explanation about pomace olive oil's use in Indian food service contexts adds context. However, the reasoning could be slightly improved by acknowledging the possibility of ""San Marzano"" being used descriptively rather than as a brand, given its strong association with tomatoes. Nonetheless, the overall argument for it being branded is compelling.",Branded
Jain Hing Powder,Branded,Jain,0.6826,8,7.83,0.9999,"The reasoning is strong, as it correctly identifies the pattern of [Brand Name] + [Product Name] common in Indian B2B catalogs. 'Jain' is a plausible brand name, given the context of Indian spices and the presence of brands like Jain Foods. The explanation about 'Jain' not being a dietary descriptor is logical, as such descriptors are usually more explicit. However, without specific evidence of a brand named 'Jain' selling hing powder, there is a minor gap in certainty. The reasoning is well-structured and aligns with common naming conventions, supporting the conclusion effectively.",Branded
CELLOFIN PAPER,Branded,Cellofin,0.1733,8,7.835,1.0,"The reasoning provided is strong and well-supported by the input. The model identifies ""CELLOFIN"" as a proper noun and a likely brand name, which aligns with the typical structure of branded product titles (Brand Name + Product Type). The capitalization and the specific naming convention further support the branding conclusion. However, the reasoning could be slightly improved by providing more concrete evidence or references to the brand's existence in the market, which would elevate the confidence to a 9. Nonetheless, the analysis is logical and consistent with the input.",Branded
11.5x11.5 (Round) Sandhouse Butter paper (40GSM),Branded,Sandhouse,0.0028,8,7.838,1.0,"The reasoning is strong, as 'Sandhouse' is positioned in a way that suggests it is a brand name, following a common pattern in product titles where the brand precedes the product description. The capitalization and placement between size and product type are typical for branded items. However, without external verification, there remains a minor gap in confirming 'Sandhouse' as a recognized brand, which slightly reduces certainty.",Branded
EVD DAIRY WHITENER 1 KG,Branded,EVD,0.0001,8,7.84,1.0,"The reasoning provided is strong and well-supported by the input. The use of ""EVD"" as a prefix suggests it is a brand name, following common naming conventions where the brand precedes the product type. The explanation that ""Dairy Whitener"" is a product category and ""1 KG"" is the pack size is logical. The reasoning also considers the context of an Indian B2B market, where regional or private-label brands are common. However, without external verification of ""EVD"" as a brand, there is a minor gap in certainty, preventing a perfect score.",Branded
White sesame Seeds 100G - Sancc,Branded,Sancc,0.0009,8,7.885,1.0,"The reasoning is strong, as it identifies ""Sancc"" as a potential brand name based on its placement after a hyphen, a common pattern for brand identification in product titles. The argument that the specific packaging size (100G) suggests a branded product is also valid, as branded products often come in standardized packaging. However, without external verification of ""Sancc"" as a known brand, there is a minor gap in certainty. The reasoning is well-supported by the input and common catalog practices, but lacks independent verification of ""Sancc"" as a brand.",Branded
MRD Stickers,Branded,MRD,0.539,8,7.931,1.0,"The reasoning is strong, as ""MRD"" is presented as a distinct prefix before ""Stickers,"" suggesting it functions as a brand name. The explanation that MRD is known in Indian B2B contexts for stationery and labeling products supports the branding claim. However, without external verification of MRD as a brand, there is a minor gap in certainty. The reasoning effectively rules out alternative interpretations like generic descriptors or internal codes, making the branding conclusion plausible.",Branded
"RTE-Seths - Chinese Ready Schezwan Sauce (Frozen), 1 Kg BB0009",Branded,Seths,0.8355,8,7.941,1.0,"The reasoning is strong, as it identifies 'Seths' as a potential brand name based on its placement in the product title and the structured format 'RTE-[Brand] - [Product Description]'. The explanation that 'Seths' is a common surname used as a brand in India adds credibility. However, the reasoning could be slightly improved by providing more concrete evidence or examples of 'Seths' as a known brand in the food industry. The classification of 'BB0009' as an internal code is reasonable and does not affect the branding determination.",Branded
Rice Flat Noodle 10mm   500g pkt   How How,Branded,How How,0.2568,8,7.948,1.0,"The reasoning is strong, as ""How How"" is indeed a recognizable brand associated with noodle products, and its placement at the end of the product title aligns with common branding conventions in B2B catalogs. The detailed description of the product (10mm width, 500g packet) supports the notion of a branded, packaged item. However, the reasoning could be slightly improved by providing more specific evidence or references to confirm ""How How"" as a brand in the Indian market context, which would elevate the certainty to a 9.",Branded
GK-Miami Waffle Pizza Pkg Box 1PKT 100PC GK Dry 137504,Branded,GK,0.0197,8,7.951,1.0,"The reasoning is strong, as it identifies 'GK' as a repeated prefix in the product title, suggesting it is the brand name. The structured naming convention and the presence of an SKU code support the classification as a branded product. However, the reasoning assumes 'Miami' is a sub-brand without explicit evidence, which is a minor gap. Overall, the analysis is well-supported by the input and typical patterns in B2B product listings.",Branded
GK - Infinite Food - Strawberry Smoothie Premix Powder (58 G x 15 sachet),Branded,Infinite Food,0.1312,8,7.972,0.9999,"The reasoning is strong, as it identifies ""Infinite Food"" as a potential brand name based on its placement and capitalization in the product title. The format described aligns with typical branded product listings, and the structured packaging details support this interpretation. However, the reasoning assumes ""GK"" is a seller code without concrete evidence, which introduces a minor gap. Overall, the conclusion that ""Infinite Food"" is a brand is well-supported by the product title's structure and presentation.",Branded
Prepit Hyderabad Biriyan 1 kg,Branded,Prepit,0.005,8,7.976,1.0,"The reasoning is strong, as ""Prepit"" is likely a coined brand name, fitting the pattern of branded products in B2B catalogs. The structure ""Brand + Variant + Weight"" supports this interpretation. The explanation of ""Hyderabad Biriyan"" as a variant and the phonetic spelling aligns with common practices in Indian catalogs. However, without external verification of ""Prepit"" as a known brand, there is a minor gap in certainty. The reasoning effectively uses the input structure and context to deduce branding, but lacks independent confirmation of ""Prepit"" as a brand.",Branded
#_# Wooden Spoon - Amore,Branded,Amore,0.8376,8,7.976,1.0,"The reasoning is strong, as 'Amore' is indeed a known brand in various markets, and the use of a dash to separate the product descriptor from the brand name is a common convention in product titles. The explanation that 'Amore' is used as a brand name rather than a descriptive term is logical, given its lack of descriptive relevance to a wooden spoon. However, the reasoning could be slightly improved by providing more specific evidence of 'Amore' being a brand in the kitchenware space, which would make the conclusion more robust.",Branded
Chilled Chicken Thigh Boneless 1 kg (Rsons),Branded,Rsons,0.6442,8,7.978,1.0,"The reasoning is strong, as the use of parentheses in product titles is indeed a common way to denote a brand or supplier in B2B catalogs, especially in the Indian market. The name ""Rsons"" fits the pattern of a brand or supplier name. However, without external verification of ""Rsons"" as a known brand, there is a minor gap in certainty. The reasoning effectively uses the structural pattern in the input to support the classification as branded.",Branded
#_# Cookies and Cream Ice-cream Tub (100ml) - Meemees,Branded,Meemees,0.0063,8,7.98,1.0,"The reasoning is strong, as it identifies 'Meemees' as a potential brand name based on its placement in the product title, which aligns with common catalog patterns where brand names are appended at the end. The reasoning also notes the typical size for ice cream products in the Indian market, supporting the branded classification. However, without external verification of 'Meemees' as a known brand, there is a minor gap in certainty. The reasoning is logical and well-supported by the input, but lacks independent verification of 'Meemees' as a brand.",Branded
Sandburgs Truffle Barbeque sauce (500 gram),Branded,Sandburgs,0.0002,8,7.985,1.0,"The reasoning is strong, as it identifies ""Sandburgs"" as a proper noun likely representing a brand, which is a common naming convention for branded products. The combination of ""Truffle"" and ""Barbeque"" suggests a premium product, aligning with branded offerings. However, without external verification of ""Sandburgs"" as a known brand, there is a minor gap in certainty. The reasoning effectively uses the structure and content of the product title to support the branding conclusion.",Branded
GK-NY Pan Cake Sp Pkg Box 1PKT 100PC GK Dry 137497,Branded,GK,0.6723,8,7.996,1.0,"The reasoning is strong, as it identifies 'GK' as a repeated element in the product title, suggesting it is the brand name. The structured naming convention supports this interpretation, and 'GK' is noted as a known brand in the relevant market segment. However, the reasoning assumes 'GK' is a brand without external verification, and 'NY' is interpreted as a variant without explicit evidence. The conclusion is plausible and well-reasoned, but lacks independent verification of 'GK' as a brand, which slightly weakens the certainty.",Branded
#_# Pink Dome Box 1/2 Kg - Sassy Teaspoon,Branded,Sassy Teaspoon,0.8105,8,8.05,1.0,"The reasoning is strong, as ""Sassy Teaspoon"" is indeed a distinctive and creative name that suggests branding rather than a generic descriptor. The structure of the product title, with ""Sassy Teaspoon"" following the product description, supports the interpretation of it being a brand name. However, without external verification of ""Sassy Teaspoon"" as a known brand, there is a minor gap in certainty. The reasoning aligns well with the input and the context of a B2B catalog, making the output likely correct.",Branded
#_# Eggless Chocolate Chip Pound Cake - Sweetish,Branded,Sweetish,0.0016,8,8.076,1.0,"The reasoning is strong, as the use of a dash to separate a product name from a brand name is a common pattern in product titles. ""Sweetish"" is likely a brand name, especially given the context of a B2B catalog where such formatting is typical. The explanation about the Indian market's preference for eggless products adds context. However, without external verification of ""Sweetish"" as a brand, there is a minor gap in certainty. The reasoning is logical and well-supported by the input, but lacks independent verification of ""Sweetish"" as a brand.",Branded
Blue Pine Artesian Water - 750 ML - GST @18 %,Branded,Blue Pine,0.0023,8,8.089,1.0,"The reasoning is strong, as it identifies ""Blue Pine"" as a proper noun and associates it with ""Artesian Water,"" suggesting a branded product. The mention of GST @18% aligns with taxation for premium bottled water in India, supporting the branded classification. However, the reasoning could be slightly improved by addressing the possibility of ""Blue Pine"" being a generic descriptor rather than a brand. Overall, the analysis is well-supported by the input and context, but there is a minor gap in considering alternative interpretations.",Branded
Teqila Blanco Don Angel 750 Ml,Branded,Don Angel,0.7402,8,8.094,1.0,"The reasoning is strong, as it correctly identifies ""Don Angel"" as a likely brand name, supported by the common use of ""Don"" in tequila branding. The explanation of ""Blanco"" as a style and ""750 Ml"" as a size is accurate. The misspelling of ""Teqila"" is plausible in a noisy catalog. However, the claim that ""Don Angel"" is a recognized tequila brand is not independently verified here, which slightly weakens the certainty. Overall, the reasoning aligns well with the input, but lacks external verification of the brand's recognition.",Branded
Shresth Gold Milk 500 Ml,Branded,Shresth Gold,0.0302,8,8.102,1.0,"The reasoning is strong, as it identifies ""Shresth Gold"" as a likely brand name based on the structured naming convention typical of branded products in the Indian market. The explanation of ""Shresth"" as a brand identifier and ""Gold"" as a common variant for premium milk aligns with known practices in the dairy industry. However, without external verification of ""Shresth Gold"" as an actual brand, there is a minor gap in certainty. The reasoning is logical and well-supported by the input, but lacks independent confirmation of the brand's existence.",Branded
Active X Mustard Oil 500mL,Branded,Active X,0.0003,8,8.192,1.0,"The reasoning is strong, as ""Active X"" is presented as a distinct name preceding the product type ""Mustard Oil,"" which suggests branding. The structured format (Brand + Product Type + Volume) is typical for branded products. The reasoning correctly identifies the 500mL as indicative of a specific SKU, supporting the branded classification. However, without external verification of ""Active X"" as a known brand, there is a minor gap in certainty. The reasoning aligns well with the input and typical catalog conventions, justifying a high confidence score.",Branded
"Newtrition - Lemon Ginger, 500 ML",Branded,Newtrition,0.0256,8,8.248,1.0,"The reasoning is strong, as it identifies 'Newtrition' as a coined brand name, which is plausible given the context and the structure of the product title. The use of a hyphen to separate the brand from the product description is a common convention in B2B catalogs, supporting the branded classification. The description of the product as a Lemon Ginger flavored beverage in a 500 ML bottle aligns with typical branded health/wellness products. However, without external verification of 'Newtrition' as a known brand, there is a minor gap in certainty.",Branded
Pizza Base 8 inch Whole Wheat Pan Crust (Junos),Branded,Junos,0.1112,8,8.268,1.0,"The reasoning is strong, as it identifies 'Junos' as a likely brand name due to its placement in parentheses, a common convention for denoting brands in product titles. The detailed product attributes (size, whole wheat, pan crust) support the idea of a branded product, as these specifics are typical of branded items. However, without external verification of 'Junos' as a known brand, there is a minor gap in certainty. The reasoning is logical and well-supported by the input, but lacks independent verification of 'Junos' as a brand.",Branded
EASTMADE - CUMIN (JEERA) 1 KG,Branded,Eastmade,0.0191,8,8.334,1.0,"The reasoning is strong, as it identifies ""EASTMADE"" as a likely brand name based on its position in the product title, which follows a common naming convention for branded goods. The explanation also notes the bilingual nature of the product name, which is typical for branded products in the Indian market. However, the reasoning assumes ""EASTMADE"" is a brand without external verification, which is a minor gap. Overall, the output is well-supported by the reasoning and the input.",Branded
3 EASTMADE - BLACK PAPER WHOLE (KALI MIRCH),Branded,Eastmade,0.4883,8,8.429,1.0,"The reasoning is strong, as ""EASTMADE"" is positioned at the front of the title, suggesting it is a brand name. The structured format of the title, with the brand name followed by the product description, aligns with typical branded product listings. The explanation of ""3"" as a pack size and ""(KALI MIRCH)"" as a vernacular name for black pepper is plausible. However, without external verification of ""Eastmade"" as a known brand, there is a minor gap in certainty. The reasoning is well-structured and logical, but lacks independent verification of the brand's existence.",Branded
Fryola Oil,Branded,Fryola,0.7217,9,8.431,1.0,"The reasoning is well-supported by the input and general knowledge. ""Fryola"" follows a naming pattern typical of branded products, combining ""fry"" with the suffix ""-ola,"" similar to known brands like Mazola. The explanation that ""Oil"" is a category descriptor aligns with common branding practices. Additionally, Fryola is recognized as a brand in the edible oil market, particularly in India, which corroborates the classification as ""Branded"" with the brand name ""Fryola.""",Branded
